,codingWeek,channelId,videoId,title,publishedAt,viewCount,likeCount,dislikeCount,commentCount,duration,channelTitle,subscriberCount,country,videoURL
0,2019-12-08-2019-12-15,UCup3etEdjyF1L3sRbU-rKLw,zcrUCvBD16k,24 News Live TV | Covid Update | HD Live Streaming | Malayalam News Live Updates,2019-12-08T14:22:54Z,626303799,636864,118172,0,0,24 News,2550000,IN,https://www.youtube.com/watch?v=zcrUCvBD16k
1,2019-12-08-2019-12-15,UCRPJxt_popozF_ppRAvVcZw,zpzGxXlOxGw,Muzicki gosti: S.A.R.S. | ep188deo08,2019-12-14T20:56:43Z,102695,402,14,10,74,24 minuta sa Zoranom Kesićem - Zvanični kanal,391000,RS,https://www.youtube.com/watch?v=zpzGxXlOxGw
2,2019-12-08-2019-12-15,UCRPJxt_popozF_ppRAvVcZw,q7P76IElKrg,S.A.R.S. - Veruj mi | ep188deo09,2019-12-14T20:56:43Z,93932,688,30,34,195,24 minuta sa Zoranom Kesićem - Zvanični kanal,391000,RS,https://www.youtube.com/watch?v=q7P76IElKrg
3,2019-12-08-2019-12-15,UCyIhHTLqM1noQbdFuX45EaA,BNNIGTKLNTA,What is colloidal silver? | Colloidal silver benefits for humans | ANTIVIRAL | Coronavirus | Adrian,2019-12-09T18:20:09Z,25860,1289,6,337,493,Adrian,22700,GB,https://www.youtube.com/watch?v=BNNIGTKLNTA
4,2019-12-08-2019-12-15,UCYi7U450OjDRzCakBWrb6sQ,MCGt_Z3WYE8,Wuhan is Amaaaaazing - #TricityWuhan Behind the scenes,2019-12-09T08:47:35Z,15288,10,0,2,218,Visit Wuhan,822,CN,https://www.youtube.com/watch?v=MCGt_Z3WYE8
5,2019-12-08-2019-12-15,UChAinqqabOfcSsQLDjbjGZQ,YMkBaAJiTk4,asianpinst registration kaise kare BP Number full information hiNdii meN #coronavirus,2019-12-12T09:08:57Z,10969,154,54,15,196,Durgesh Tech King,4760,IN,https://www.youtube.com/watch?v=YMkBaAJiTk4
6,2019-12-08-2019-12-15,UCshnMHKfGKB268lr7moQ3Og,JDKJa7bP3Wo,How to make string art in 10 min | Toturial || Quarantine Mood ||  covid-19,2019-12-14T20:04:35Z,8130,211,4,1,581,EDM Group Tv,2630,US,https://www.youtube.com/watch?v=JDKJa7bP3Wo
7,2019-12-08-2019-12-15,UCZbxbsTjgP4LeGHCIRr-iXw,ZIi9aJ4Wy84,China Touring Car Championship 2019 Wuhan Race 1 Start Colin Turkington Flips Red Flag,2019-12-14T16:15:23Z,5962,21,3,2,211,puck7,5710,Unknown,https://www.youtube.com/watch?v=ZIi9aJ4Wy84
8,2019-12-08-2019-12-15,UCU2iV2Mhti4yx0hiWYGDTxA,HmDo3XQ0R3s,"SESSION PIERRE : DORADES, PAGRES, SARS TAMBOUR, &amp; GROSSE SURPRISE...",2019-12-13T22:44:55Z,5587,53,5,22,996,Shark 66,147,Unknown,https://www.youtube.com/watch?v=HmDo3XQ0R3s
9,2019-12-08-2019-12-15,UCj3Q2Ag6nxFljPV6Y7XwgzQ,Fb0oNLbb6wk,Covid-19 et Vacances - Ne m&#39;abandonne pas!  Covid-19 and Holidays - Don&#39;t abandon me!,2019-12-14T13:38:38Z,5154,N/A,N/A,29,163,Hawaii ASMR Nature Relaxation,400000,Unknown,https://www.youtube.com/watch?v=Fb0oNLbb6wk
10,2019-12-08-2019-12-15,UCMUHhNkT7ZZ9m3A5lNomg_w,Wp1zdac5Gkg,"The Pelones but it's only parts where they suffer pain, COVID-19, and anger at.",2019-12-13T17:27:30Z,5139,172,0,53,98,Logan the Edgy Villager,1780,Unknown,https://www.youtube.com/watch?v=Wp1zdac5Gkg
11,2019-12-08-2019-12-15,UCRXJMpEahhb-4YVuK0F4SSg,uBwYoniqOvc,China Trip to wuhan | China bullet train | Malayalam Vlog | Discover with Ginu | china trip #6,2019-12-14T04:30:15Z,5095,27,6,5,664,Discover with Ginu,17200,IN,https://www.youtube.com/watch?v=uBwYoniqOvc
12,2019-12-08-2019-12-15,UCC4gEA9-dTgxjSCQ6mcyjZw,Yk0_HfA92VM,"[(HD)] Night Drive through Central Wuhan, China | Atmospheric Cyberpunk",2019-12-12T19:30:00Z,4304,87,2,74,1844,Streets of Asia,6030,US,https://www.youtube.com/watch?v=Yk0_HfA92VM
13,2019-12-08-2019-12-15,UCvNSWuBB21SmaEX5Ygf55mA,I2BXG18HLPY,Saturimetro Pulsossimetro da dito (puo svelare anche i primi segnali del Covid-19),2019-12-12T09:50:39Z,3909,N/A,N/A,N/A,373,Escursioni Estive - Survival & Explorations,,IT,https://www.youtube.com/watch?v=I2BXG18HLPY
14,2019-12-08-2019-12-15,UC6ngRlxO5i4TZ2XFTJFmUeA,3kI4ja3-oXM,China| Walking in WUHAN (Hu Bei Wu Yi : Zhong Nan Lu -Shou Yi Gong Yuan -Huang He Lou -Si Men Kou -Jiang Tan ),2019-12-14T23:09:59Z,3146,37,0,12,6760,gosimple9,2560,Unknown,https://www.youtube.com/watch?v=3kI4ja3-oXM
15,2019-12-08-2019-12-15,UCI8I9JdDnq9ifOGvw5k6MtQ,v0bFcGCUUuM,immunity boosting Tea to fight against Corona Virus - Covid Tea,2019-12-11T14:00:01Z,2529,20,1,0,147,Life with Azvin,1400,IN,https://www.youtube.com/watch?v=v0bFcGCUUuM
16,2019-12-08-2019-12-15,UCQD1SYp1c3PbadtA4B_QgOA,5RA8iBhI6g0,"Titanic ship in WUHAN, CHINA!",2019-12-10T12:00:13Z,2438,89,1,59,1030,Arianne Angeli Bautista,25600,PH,https://www.youtube.com/watch?v=5RA8iBhI6g0
17,2019-12-08-2019-12-15,UCC2DDMub8uNzgfSnyz36MZg,8Ch7P35eai8,Indian states and capitals|Remember state and capital best trick 20 #Coronavirus#2nd_Lockdown,2019-12-09T09:06:42Z,2415,96,3,13,237,Sk Tutorial Point,,IN,https://www.youtube.com/watch?v=8Ch7P35eai8
18,2019-12-08-2019-12-15,UCI_d3QTqpXD_QlcRfVYVOLg,9uDi7b_EiJ0,"I Love You Wuhan |  A Music Video | Wuhan,China | 4K",2019-12-10T10:20:48Z,1808,34,3,9,236,Jobayer Jisan,7260,US,https://www.youtube.com/watch?v=9uDi7b_EiJ0
19,2019-12-08-2019-12-15,UCCUdR9HoJlYFm5caEUVQfxw,S5eWTEcr6Tc,Brutality :Sars officials mercilessly beats suspected yahoo boy in from of Ilorin Mosque,2019-12-14T05:16:45Z,1802,4,4,1,71,Rero Tv,2450,NG,https://www.youtube.com/watch?v=S5eWTEcr6Tc
20,2019-12-08-2019-12-15,UCu_lqIahomo9ljPUixLijiw,weKjmG7-x_c,James Bond 007 - Thunderball - The Filming Locations | Trailer | Postponed through Covid 19,2019-12-13T15:55:21Z,1717,20,1,1,219,The Filming Locations,11100,DE,https://www.youtube.com/watch?v=weKjmG7-x_c
21,2019-12-08-2019-12-15,UCj_U3yc4lwL6t0kgcDpYYpw,5iyxf5peW7E,Korona Virus Covid 19 Dusmani Saracoglu nun Dogal Gargara Tarifi  Dogal Cozum,2019-12-08T16:48:50Z,1425,50,0,33,65,Mis Kokulu Yemek Tarifleri,23000,TR,https://www.youtube.com/watch?v=5iyxf5peW7E
22,2019-12-08-2019-12-15,UCX-GMSwEcsAM6iIDBWsqq_w,47T0a-VSYCQ,Hazrat ji Maulana Saad Sahab Amravati ijtema Coronavirus Dua 2020 ||  Dua || Abdul Saboor,2019-12-10T04:35:34Z,1353,49,1,5,1821,Aarish Shah Official,,IN,https://www.youtube.com/watch?v=47T0a-VSYCQ
23,2019-12-08-2019-12-15,UCGKTRI5ZUiZqnXIfQrZzwwg,oanjb_zHv_c,"Exploring Evansville, IN Mall Before COVID-19",2019-12-10T05:53:17Z,1166,50,8,34,1329,The Apple Buyer,7080,US,https://www.youtube.com/watch?v=oanjb_zHv_c
24,2019-12-08-2019-12-15,UCb2ZZp3LA66sgPkiJThFSwQ,rTYuecg4PSs,MY CITY(WUHAN HYPERLAPSE),2019-12-14T12:00:08Z,1151,19,0,1,210,lei nie,6,Unknown,https://www.youtube.com/watch?v=rTYuecg4PSs
25,2019-12-08-2019-12-15,UCTJb7lOLCw0bYXTkPZD885A,OUoMrQDH-_8,191123 WayV play with JENGA @WayV FANMEETING TOUR in WUHAN,2019-12-09T05:21:36Z,1047,34,0,1,271,sikmy81,76,Unknown,https://www.youtube.com/watch?v=OUoMrQDH-_8
26,2019-12-08-2019-12-15,UCwhyjtSzdXKlfcFGufssKcA,aMzLQ93AZjU,Prayers for healings against Coronavirus pandemic and other sickness:,2019-12-11T22:50:20Z,869,19,0,4,170,Catholic Treasurers,3410,NG,https://www.youtube.com/watch?v=aMzLQ93AZjU
27,2019-12-08-2019-12-15,UCTSN7vkjXEeLGcOkI7zAXoQ,G0uBQ6R5c30,Fifteen Seconds Wuhan 2019,2019-12-09T10:55:09Z,716,7,1,4,111,Fifteen Seconds,1740,AT,https://www.youtube.com/watch?v=G0uBQ6R5c30
28,2019-12-08-2019-12-15,UCnC-8u61O8uJW1ZhmtEBwtw,97j2psAHRcE,HOW TO PROTECT YOURSELF FROM CORONAVIRUS #coronavirusprotection,2019-12-12T22:20:00Z,702,14,0,0,28,Zozulyas Vladis Vitalysis,10,RU,https://www.youtube.com/watch?v=97j2psAHRcE
29,2019-12-08-2019-12-15,UCLCN1JFJj1NVI1LhAX0uw6A,h9PZK1r9DXk,"#Omobenue Daily message #SARS FUNNY BUT TRUE, LIKE AND SHARE OUR VIDEOS",2019-12-14T15:03:17Z,548,14,0,3,227,Omobenue TV,16200,NG,https://www.youtube.com/watch?v=h9PZK1r9DXk
