,codingWeek,channelId,videoId,title,publishedAt,viewCount,likeCount,dislikeCount,commentCount,duration,channelTitle,subscriberCount,country,videoURL
0,2020-04-19-2020-04-26,UC83jt4dlz1Gjl58fzQrrKZg,XWq5kBlakcQ,"[CNA 24/7 LIVE] Breaking news, top stories and documentaries",2020-04-21T11:15:18Z,28933232,55043,9113,0,0,CNA,1420000,SG,https://www.youtube.com/watch?v=XWq5kBlakcQ
1,2020-04-19-2020-04-26,UCTCEJCypL-cwp2EWlT5pmGg,U8r3oTVMtQ0,Recognizing Day to Day Signs and Symptoms of Coronavirus,2020-04-25T15:00:13Z,14408333,116755,7689,20226,231,FreeMedEducation,290000,ID,https://www.youtube.com/watch?v=U8r3oTVMtQ0
2,2020-04-19-2020-04-26,UC3XTzVzaHQEd30rQbuvCtTQ,dRFbwjwQ4VE,Coronavirus V: Last Week Tonight with John Oliver (HBO),2020-04-20T06:30:04Z,8871600,240490,6343,29222,1258,LastWeekTonight,8710000,Unknown,https://www.youtube.com/watch?v=dRFbwjwQ4VE
3,2020-04-19-2020-04-26,UCRYASwREzEOEptJLi4AY6tw,PLWfqc9NqOY,MI PERRO CHOCOLO - CANCIONES INFANTILES CORONAVIRUS - PROGRAMA TV - CAPITULO CORONAVIRUS,2020-04-25T18:41:53Z,2913812,N/A,N/A,0,1574,atiempopreescolar,6410000,CL,https://www.youtube.com/watch?v=PLWfqc9NqOY
4,2020-04-19-2020-04-26,UC-Tbihnf-VyEnj763yQ7IjA,X34iZwv_hEM,Guia Infantil sobre Coronavirus,2020-04-21T12:20:16Z,2280619,13407,1567,0,48,UNICEF Argentina,19700,AR,https://www.youtube.com/watch?v=X34iZwv_hEM
5,2020-04-19-2020-04-26,UCVxAirLqIXKP2ttE2-5DZ3Q,lCQPEpfd9OQ,5 Novos Sintomas do Coronavirus (Covid-19) | IMEB,2020-04-22T18:19:58Z,2231682,126262,1872,4774,116,Clínica IMEB,206000,BR,https://www.youtube.com/watch?v=lCQPEpfd9OQ
6,2020-04-19-2020-04-26,UC0p5jTq6Xx_DosDFxVXnWaQ,HMLop-jR8cw,Covid-19: Why is America&#39;s death toll so high? | The Economist,2020-04-21T18:00:04Z,1846909,25581,3385,9954,598,The Economist,1930000,GB,https://www.youtube.com/watch?v=HMLop-jR8cw
7,2020-04-19-2020-04-26,UC_gUM8rL-Lrg6O3adPW9K1g,ZdFk65psFjk,Wuhan: Coronavirus positive doctors&#39; skin goes dark after treatment | Gravitas,2020-04-21T18:40:02Z,1805008,21068,1573,10778,228,WION,2740000,IN,https://www.youtube.com/watch?v=ZdFk65psFjk
8,2020-04-19-2020-04-26,UCvJJ_dzjViJCoLf5uKUTwoA,MfgIXP4NWjw,Why Coronavirus Has Left Automakers Desperate For Buyers,2020-04-21T17:30:22Z,1766778,12946,1548,3824,766,CNBC,2300000,Unknown,https://www.youtube.com/watch?v=MfgIXP4NWjw
9,2020-04-19-2020-04-26,UCDrQaGaHpOav5y7m1SCSJRg,UcFDdfueQRg,Staying Safe When COVID-19 Strikes,2020-04-22T23:32:37Z,788617,N/A,N/A,0,130,Stanford Medicine,72100,US,https://www.youtube.com/watch?v=UcFDdfueQRg
10,2020-04-19-2020-04-26,UCBAjwp7kvfgflWv6vKfgvNg,ECWzNuog77Y,Rehabilitacion. COVID Ejercicios respiratorios,2020-04-24T11:02:18Z,758697,8649,430,700,533,Hospital Povisa,21100,ES,https://www.youtube.com/watch?v=ECWzNuog77Y
11,2020-04-19-2020-04-26,UCWOA1ZGywLbqmigxE4Qlvuw,sgZ7RKyDrLg,"Coronavirus, Explained | Official Trailer | Netflix",2020-04-22T16:00:00Z,689820,10372,673,961,75,Netflix,20000000,US,https://www.youtube.com/watch?v=sgZ7RKyDrLg
12,2020-04-19-2020-04-26,UCG-iSMVtWbbwDDXgXXypARQ,NM2A2xNLWR4,"Coronavirus Update 59: Dr. Roger Seheult&#39;s Daily Regimen (Vitamin D, C, Zinc, Quercetin, NAC)",2020-04-21T18:47:54Z,683201,16136,331,2589,1113,MedCram - Medical Lectures Explained CLEARLY,1100000,US,https://www.youtube.com/watch?v=NM2A2xNLWR4
13,2020-04-19-2020-04-26,UC6QYFutt9cluQ3uSM963_KQ,YRfwZcLeOm4,"COVID-19 | Coronavirus: Epidemiology, Pathophysiology | APRIL UPDATE",2020-04-20T17:00:11Z,396633,9892,169,922,2848,Ninja Nerd Lectures,1070000,US,https://www.youtube.com/watch?v=YRfwZcLeOm4
14,2020-04-19-2020-04-26,UCBFsmJJch-ZigYRmqGrx56A,gSLeJOM41ZY,Rentgenografiia pri COVID-19. Opyt GKB No. 40 DZM (Kommunarka),2020-04-21T10:56:19Z,378788,1918,266,393,5072,Philips Healthcare,46900,US,https://www.youtube.com/watch?v=gSLeJOM41ZY
15,2020-04-19-2020-04-26,UCDp-ctduCmWgCjr5w68s4Cw,i-wWz_SUyb4,Child-Friendly Ways to Address COVID-19,2020-04-22T17:24:45Z,227340,1073,125,178,341,NYU Langone Health,64200,Unknown,https://www.youtube.com/watch?v=i-wWz_SUyb4
16,2020-04-19-2020-04-26,UC6awebmNxJRT3gIMJcQgXjw,eR620R7yEug,#COVID 19. Detenida una persona por estafar en la venta online de material sanitario.,2020-04-25T10:44:37Z,122986,595,465,N/A,106,Guardia Civil,91500,ES,https://www.youtube.com/watch?v=eR620R7yEug
17,2020-04-19-2020-04-26,UCkNrj1l4JLvLX7M42fJoLGw,7z0kzYpuqhw,What is COVID-19?,2020-04-22T17:09:20Z,118724,920,63,49,212,Cancer Treatment Centers of America - CTCA,20600,US,https://www.youtube.com/watch?v=7z0kzYpuqhw
18,2020-04-19-2020-04-26,UCiMg06DjcUk5FRiM3g5sqoQ,BTx1vELv7zU,COVID-19: Managing Anxiety and Stress,2020-04-20T16:29:08Z,115165,699,64,0,136,Centers for Disease Control and Prevention (CDC),528000,US,https://www.youtube.com/watch?v=BTx1vELv7zU
19,2020-04-19-2020-04-26,UCuDv5p8E-evaRSh542hDV5g,xLjrrhG3tvQ,Anti-Lockdown Protests Distract from Trump's Coronavirus Failures | The Common Good w/ Robert Reich,2020-04-23T19:35:18Z,46692,2381,57,464,1738,Robert Reich,308000,US,https://www.youtube.com/watch?v=xLjrrhG3tvQ
20,2020-04-19-2020-04-26,UC6awebmNxJRT3gIMJcQgXjw,GTKdAHjYjKw,"#COVID 19. Cabo Mayor Francisco Castro Monje, in memoriam.",2020-04-20T08:25:02Z,35301,723,48,N/A,103,Guardia Civil,91500,ES,https://www.youtube.com/watch?v=GTKdAHjYjKw
21,2020-04-19-2020-04-26,UCiMg06DjcUk5FRiM3g5sqoQ,Om_5cVw-pwM,COVID-19: Parents Supporting Children,2020-04-22T15:05:58Z,23792,101,37,0,126,Centers for Disease Control and Prevention (CDC),528000,US,https://www.youtube.com/watch?v=Om_5cVw-pwM
22,2020-04-19-2020-04-26,UC6awebmNxJRT3gIMJcQgXjw,3zqXfviSeU4,#COVID 19. Te cuidamos desde el aire. Con banda sonora de Loquillo y Los Trogloditas.,2020-04-23T09:03:04Z,22752,718,36,N/A,306,Guardia Civil,91500,ES,https://www.youtube.com/watch?v=3zqXfviSeU4
23,2020-04-19-2020-04-26,UC6awebmNxJRT3gIMJcQgXjw,vLJLYOfaxFg,#COVID 19. Despliegue del #GRS por varios pueblos de toda Espana.,2020-04-25T11:45:00Z,13937,345,14,N/A,66,Guardia Civil,91500,ES,https://www.youtube.com/watch?v=vLJLYOfaxFg
24,2020-04-19-2020-04-26,UC6awebmNxJRT3gIMJcQgXjw,R-9Mu8ulXAo,#COVID 19. #TrabajamosParaProtegerte.,2020-04-24T11:00:11Z,6709,220,20,N/A,72,Guardia Civil,91500,ES,https://www.youtube.com/watch?v=R-9Mu8ulXAo
25,2020-04-19-2020-04-26,UCzHmQrlcoJDYSCp1O5v_C0g,uBWCTiuhDFw,CORONA VIRUS (COVID-19) - 2020 |TOP 40 IMPORTANT FACTS | CURRENT AFFAIRS| LDC - 2020 |#kerala PSC,2020-04-20T11:30:18Z,5801,116,3,3,1325,Learn 360 with Sarah,,IN,https://www.youtube.com/watch?v=uBWCTiuhDFw
26,2020-04-19-2020-04-26,UC6awebmNxJRT3gIMJcQgXjw,--PmDqU_1GU,"#COVID 19. Guardia Civil reparto de alimentos, material sanitario y escolar en  nucleos rurales.",2020-04-22T13:00:12Z,5108,214,10,N/A,82,Guardia Civil,91500,ES,https://www.youtube.com/watch?v=--PmDqU_1GU
27,2020-04-19-2020-04-26,UC6awebmNxJRT3gIMJcQgXjw,b30BhrSTwpQ,#COVID 19. Acciones en beneficio de diferentes colectivos en Cordoba y Caceres.,2020-04-23T13:00:28Z,2343,127,3,N/A,97,Guardia Civil,91500,ES,https://www.youtube.com/watch?v=b30BhrSTwpQ
28,2020-04-19-2020-04-26,UCOn9ytnRS5c2pwWLJCv2dVA,sUDm45Kc5eY,Covid 19 Aslinda Biz Yokuz,2020-04-23T15:20:04Z,174,14,0,0,126,BuBe TV,,TR,https://www.youtube.com/watch?v=sUDm45Kc5eY
