,codingWeek,channelId,videoId,title,publishedAt,viewCount,likeCount,dislikeCount,commentCount,duration,channelTitle,subscriberCount,country,videoURL
0,2020-02-09-2020-02-16,UCVSNOxehfALut52NbkfRBaA,rKek0Y30Ctw,Chinese Police Force Family Into Coronavirus Quarantine,2020-02-09T23:20:39Z,17549313,63860,12343,10693,142,VOA News,1870000,US,https://www.youtube.com/watch?v=rKek0Y30Ctw
1,2020-02-09-2020-02-16,UC4SUWizzKc1tptprBkWjX2Q,qJA768Jpf4U,"Global coronavirus deaths equal Sars, while new infections drop",2020-02-09T09:21:38Z,13094421,25485,5876,928,128,South China Morning Post,2270000,HK,https://www.youtube.com/watch?v=qJA768Jpf4U
2,2020-02-09-2020-02-16,UCPY9IKSkr2GfFW5jbgA5Qbw,I-Yd-_XIWJg,Coronavirus outbreak (covid 19) explained through 3D Medical Animation,2020-02-11T12:15:00Z,7658745,62413,2846,4256,369,Scientific Animations,,US,https://www.youtube.com/watch?v=I-Yd-_XIWJg
3,2020-02-09-2020-02-16,UCyoGb3SMlTlB8CLGVH4c8Rw,sk4QokTu_5o,"Las victimas de coronavirus se disparan, con 242 muertos en un solo dia",2020-02-13T06:08:12Z,3833186,9617,1643,707,85,euronews (en español),1320000,ES,https://www.youtube.com/watch?v=sk4QokTu_5o
4,2020-02-09-2020-02-16,UCoMdktPbSTixAyNGwb-UYkQ,DEgwpOFXWNA,Coronavirus overtakes SARS death toll,2020-02-09T10:51:05Z,3810134,10647,1526,1026,208,Sky News,3570000,GB,https://www.youtube.com/watch?v=DEgwpOFXWNA
5,2020-02-09-2020-02-16,UCuFFtHWoLl5fauMMD5Ww2jA,TAafDOqfN3M,Patient with coronavirus speaks out,2020-02-11T13:36:25Z,2675696,20536,2399,5796,630,CBC News,2670000,CA,https://www.youtube.com/watch?v=TAafDOqfN3M
6,2020-02-09-2020-02-16,UCNI0qOojpkhsUtaQ4_2NUhQ,eup3_i_5uaw,"COVID-19 (Coronavirus Disease 19) - February Update - causes, symptoms, diagnosis, pathology",2020-02-14T17:57:19Z,2542856,30904,1064,1603,741,Osmosis,1990000,US,https://www.youtube.com/watch?v=eup3_i_5uaw
7,2020-02-09-2020-02-16,UCknLrEdhRCp1aegoMqRaCZg,ltYIIXJTKEc,Coronavirus whistleblowers disappear in China | DW News,2020-02-12T10:29:02Z,1907046,18554,1038,3607,323,DW News,2480000,DE,https://www.youtube.com/watch?v=ltYIIXJTKEc
8,2020-02-09-2020-02-16,UCK7tptUDHh-RYDsdxO1-5QQ,7SuKywEZ5AM,How Scientists Are Trying to Develop a Coronavirus Vaccine | WSJ,2020-02-13T17:00:01Z,1883867,23899,727,2085,258,Wall Street Journal,2980000,US,https://www.youtube.com/watch?v=7SuKywEZ5AM
9,2020-02-09-2020-02-16,UCTrQ7HXWRRxr7OsOtodr2_w,Y-GB9EYqAGM,Coronavirus &amp; Me: Ben Kavanagh's journey - from quarantine in Wuhan to Wirral,2020-02-13T20:44:29Z,1766528,30017,1112,3594,1313,Channel 4 News,1670000,GB,https://www.youtube.com/watch?v=Y-GB9EYqAGM
10,2020-02-09-2020-02-16,UCTrQ7HXWRRxr7OsOtodr2_w,Zl0V-OhZYk4,How coronavirus (Covid-19) spread day by day,2020-02-12T12:05:49Z,1576668,11701,1553,3216,707,Channel 4 News,1670000,GB,https://www.youtube.com/watch?v=Zl0V-OhZYk4
11,2020-02-09-2020-02-16,UCTCEJCypL-cwp2EWlT5pmGg,FC4soCjxSOQ,What is CORONAVIRUS? AND How to PROTECT YOURSELF?,2020-02-13T16:05:35Z,1450872,11038,540,994,120,FreeMedEducation,290000,ID,https://www.youtube.com/watch?v=FC4soCjxSOQ
12,2020-02-09-2020-02-16,UCcweJsCV2TUP_kzMX25U-oQ,cjqYCPZJjlQ,Coronavirus: Immer mehr Infizierte und Tote - Lugt China uns an?! | Possoch klart | BR24,2020-02-13T15:21:36Z,1257705,14645,1738,2338,1046,BR24,165000,DE,https://www.youtube.com/watch?v=cjqYCPZJjlQ
13,2020-02-09-2020-02-16,UCeY0bbntWzzVIaj2z3QigXg,9J3vrJNGxQA,"First American Dies From COVID-19 In Wuhan, China | NBC Nightly News",2020-02-09T00:53:26Z,1199991,8073,860,3810,139,NBC News,5540000,Unknown,https://www.youtube.com/watch?v=9J3vrJNGxQA
14,2020-02-09-2020-02-16,UC_gUM8rL-Lrg6O3adPW9K1g,pPHSlZIQMa4,Reports: Coronavirus was originated in a Wuhan Lab,2020-02-09T06:24:52Z,1198851,15319,1572,4536,238,WION,2740000,IN,https://www.youtube.com/watch?v=pPHSlZIQMa4
15,2020-02-09-2020-02-16,UCgKjHnMbrOK8xLzAwHO0aSg,LFjZbDPc0tE,Gurmit Singh (Phua Chu Kang) Get Serious on COVID-19,2020-02-15T05:52:50Z,746766,5819,270,28,121,govsg,170000,SG,https://www.youtube.com/watch?v=LFjZbDPc0tE
16,2020-02-09-2020-02-16,UCKjU3KzdbJE1EFcHVqXC3_g,_v7xq0fzPj4,How the coronavirus outbreak happened,2020-02-15T03:39:30Z,630845,3340,713,N/A,332,CBC News: The National,1120000,CA,https://www.youtube.com/watch?v=_v7xq0fzPj4
17,2020-02-09-2020-02-16,UCF8HUTbUwPKh2Q-KpGOCVGw,1jghXKbT1nY,"COVID-19 crisis is a &#39;distraction,&#39; says strategist | Street Signs Asia",2020-02-14T08:30:01Z,546899,3236,450,3610,191,CNBC International TV,211000,GB,https://www.youtube.com/watch?v=1jghXKbT1nY
18,2020-02-09-2020-02-16,UCG-iSMVtWbbwDDXgXXypARQ,wlbM6VVkVZM,"Coronavirus Epidemic Update 17: Spike in Confirmed Cases, Fighting Infections with Sleep",2020-02-13T16:56:59Z,304078,6588,195,900,797,MedCram - Medical Lectures Explained CLEARLY,1100000,US,https://www.youtube.com/watch?v=wlbM6VVkVZM
19,2020-02-09-2020-02-16,UCUdOoVWuWmgo1wByzcsyKDQ,jzCniyH6LtI,Desaparece bloguero que criticaba el tratamiento del virus covid-19,2020-02-13T15:40:24Z,227383,2912,103,548,108,FRANCE 24 Español,607000,FR,https://www.youtube.com/watch?v=jzCniyH6LtI
20,2020-02-09-2020-02-16,UCFaPzuoXcACu7jplePDfXmA,7N1y4Kv8B2I,Coronavirus : traitement ? Vaccin ?,2020-02-11T10:37:45Z,161016,N/A,N/A,N/A,514,IHU Méditerranée-Infection,423000,FR,https://www.youtube.com/watch?v=7N1y4Kv8B2I
21,2020-02-09-2020-02-16,UCgMabKr-D1MUgtdarKgH3nQ,Bp2L-c2UOr0,Fragen und Antworten zum #Coronavirus mit Prof. Dr. Melanie Brinkmann,2020-02-12T08:23:39Z,47574,399,243,130,467,Bundesministerium für Gesundheit,41000,DE,https://www.youtube.com/watch?v=Bp2L-c2UOr0
22,2020-02-09-2020-02-16,UClTKA4g2BdD2THYNJp1DMqA,KMCdSKohyuo,NOVEL CORONAVIRUS - QUESTIONS AND ANSWERS - PART 2,2020-02-12T16:35:27Z,12705,73,17,1,56,ECDC,2430,SE,https://www.youtube.com/watch?v=KMCdSKohyuo
23,2020-02-09-2020-02-16,UC_ClYrAtDNAGy5J0N-AwBNw,wX0Nk7UaY8A,"Dr. Boyle/Coronavirus Censorship, Israel Still Bombing Gaza &amp; Mapping Out Vast West Bank Annexations",2020-02-10T01:51:00Z,11619,986,15,89,5553,The Last American Vagabond,102000,US,https://www.youtube.com/watch?v=wX0Nk7UaY8A
24,2020-02-09-2020-02-16,UC_ClYrAtDNAGy5J0N-AwBNw,Xpuur6aPgxo,"Netanyahu Admits Meddling In US Politics, Israel Attacks Syria &amp; More On Coronavirus As A Bioweapon",2020-02-14T22:51:33Z,11377,1068,19,113,9431,The Last American Vagabond,102000,US,https://www.youtube.com/watch?v=Xpuur6aPgxo
25,2020-02-09-2020-02-16,UC_ClYrAtDNAGy5J0N-AwBNw,tagPh4JrfoM,"Expert Dr. Boyle, Author Of &quot;US Bioweapons Act,&quot; Says Coronavirus A Bioweapon &amp; WHO Knows it",2020-02-10T21:22:23Z,6161,552,14,101,2571,The Last American Vagabond,102000,US,https://www.youtube.com/watch?v=tagPh4JrfoM
26,2020-02-09-2020-02-16,UC_ClYrAtDNAGy5J0N-AwBNw,KU7O4dgZcw0,"MSM Now Openly Considering Coronavirus As Possible Bioweapon, As CDC Admits Its Tests &quot;May Not Work&quot;",2020-02-15T19:01:44Z,4609,454,3,36,1907,The Last American Vagabond,102000,US,https://www.youtube.com/watch?v=KU7O4dgZcw0
27,2020-02-09-2020-02-16,UC_ClYrAtDNAGy5J0N-AwBNw,dETE78B3hXA,Problem Reaction Solution: New &quot;Universal&quot; Vaccine Being Discussed For Coronavirus As Fear Consumes,2020-02-13T19:11:29Z,2231,207,3,42,1637,The Last American Vagabond,102000,US,https://www.youtube.com/watch?v=dETE78B3hXA
28,2020-02-09-2020-02-16,UC-z8-coavUtGCa9RNlBADuA,c698hBSyy9k,Coronavirus Pranks Are Illegal,2020-02-11T01:58:42Z,2044,37,9,18,356,ChaddSinclair,20000,CA,https://www.youtube.com/watch?v=c698hBSyy9k
29,2020-02-09-2020-02-16,UCUX6sby7ozwTTfd7fyEUk2w,1fc5i-hp3A0,Shanghai coronavirus vlog: Use a hairdryer to give your face masks a new life,2020-02-11T13:38:02Z,1557,17,2,8,134,Shanghai Daily,9760,CN,https://www.youtube.com/watch?v=1fc5i-hp3A0
