,codingWeek,channelId,videoId,title,publishedAt,viewCount,likeCount,dislikeCount,commentCount,duration,channelTitle,subscriberCount,country,videoURL
0,2020-01-12-2020-01-19,UC07-dOwgza1IguKA86jqxNA,OZcRD9fV7jo,WHO: Coronavirus - questions and answers (Q&amp;A),2020-01-16T14:54:37Z,1399054,1811,361,361,82,World Health Organization (WHO),699000,Unknown,https://www.youtube.com/watch?v=OZcRD9fV7jo
1,2020-01-12-2020-01-19,UCckz6n8QccTd6K_xdwKqa0A,p6wb37RbYk0,Qu&#39;est-ce qu&#39;un coronavirus ? | AFP Anime,2020-01-16T11:22:49Z,1285134,6484,675,1089,93,AFP,868000,Unknown,https://www.youtube.com/watch?v=p6wb37RbYk0
2,2020-01-12-2020-01-19,UCyoGb3SMlTlB8CLGVH4c8Rw,NXfCRrgXTz8,Cuatro nuevos casos de neumonia por coronavirus en China,2020-01-18T13:22:06Z,661061,3855,336,784,75,euronews (en español),1320000,ES,https://www.youtube.com/watch?v=NXfCRrgXTz8
3,2020-01-12-2020-01-19,UC4SUWizzKc1tptprBkWjX2Q,Epo99jpxcQo,Wuhan outbreak: Thailand confirms first case of virus outside China,2020-01-15T07:56:14Z,371779,2438,112,959,110,South China Morning Post,2270000,HK,https://www.youtube.com/watch?v=Epo99jpxcQo
4,2020-01-12-2020-01-19,UCckz6n8QccTd6K_xdwKqa0A,Ew8KBQMDOwc,Les coronavirus | AFP Anime,2020-01-14T12:45:05Z,118428,739,62,1,93,AFP,868000,Unknown,https://www.youtube.com/watch?v=Ew8KBQMDOwc
