,codingWeek,channelId,videoId,title,publishedAt,viewCount,likeCount,dislikeCount,commentCount,duration,channelTitle,subscriberCount,country,videoURL
0,2020-08-09-2020-08-16,UCGAR1p-zHqYAKo2Y1EtMnrg,UewPKDjwmg0,COVID-19 : pourquoi il est important de ne jamais oublier les gestes barrieres,2020-08-14T08:39:40Z,2495577,N/A,N/A,N/A,73,Santé publique France,18000,Unknown,https://www.youtube.com/watch?v=UewPKDjwmg0
1,2020-08-09-2020-08-16,UCLXo7UDZvByw2ixzpQCufnA,r2fxJI_cP58,The risky way to speed up a coronavirus vaccine,2020-08-12T12:00:13Z,1549336,41453,1306,3511,553,Vox,9650000,US,https://www.youtube.com/watch?v=r2fxJI_cP58
2,2020-08-09-2020-08-16,UCSwXe2WReWhNdjKRTh92b9g,42iXB_g1MfM,COVID 19 ?Cuanto duran los sintomas?,2020-08-11T20:01:01Z,1481494,21927,1066,2067,1186,Dr. Veller,582000,AR,https://www.youtube.com/watch?v=42iXB_g1MfM
3,2020-08-09-2020-08-16,UCQ7d2lO-qGUy6wwM4n3KHfw,Ew11Hya7_fA,CA NUOC KHONG UA EM (COVID) -  AtHomeVideo,2020-08-14T12:58:09Z,781745,50068,228,2485,174,Phan Mạnh Quỳnh Official,1340000,VN,https://www.youtube.com/watch?v=Ew11Hya7_fA
4,2020-08-09-2020-08-16,UC7MUmXqD_kEChxYFME0bdtg,RChVbumiGvc,Os efeitos que a vacina da COVID-19 pode ter a longo prazo - Jornal da Vida - 13/08/20,2020-08-14T22:45:00Z,599495,30167,1479,2132,108,REDE VIDA,1160000,BR,https://www.youtube.com/watch?v=RChVbumiGvc
5,2020-08-09-2020-08-16,UCYUbNjkuE4lsr2v1Id2O1oA,TsGKPRxzBy8,Californians explain why they won&#39;t be taking a COVID-19 vaccine when it comes out,2020-08-12T16:00:19Z,578632,5037,339,5036,217,ABC7 News Bay Area,181000,US,https://www.youtube.com/watch?v=TsGKPRxzBy8
6,2020-08-09-2020-08-16,UC55-mxUj5Nj3niXFReG44OQ,phip_gfHEEU,La vacuna rusa del Covid-19 ?Es real?,2020-08-14T02:16:24Z,519235,18604,4061,4837,1427,Platzi,1200000,MX,https://www.youtube.com/watch?v=phip_gfHEEU
7,2020-08-09-2020-08-16,UChDKyKQ59fYz3JO2fl0Z6sg,IGHYYUX6I3Y,Putin Claims Russia Has A Coronavirus Vaccine | TODAY,2020-08-11T14:00:07Z,512204,4820,679,3283,139,TODAY,3010000,Unknown,https://www.youtube.com/watch?v=IGHYYUX6I3Y
8,2020-08-09-2020-08-16,UC_lEiu6917IJz03TnntWUaQ,OTnxyXL8uD4,Deepak Chopra sobre el coronavirus: Podremos aceptar la pandemia y buscarle sentido,2020-08-14T23:07:59Z,491401,12689,758,931,1078,CNN en Español,2450000,US,https://www.youtube.com/watch?v=OTnxyXL8uD4
9,2020-08-09-2020-08-16,UChDKyKQ59fYz3JO2fl0Z6sg,N4HSET82w9Y,Inside The Wuhan Lab At Center Of Coronavirus Controversy | TODAY,2020-08-10T15:00:11Z,467448,3388,4375,3345,361,TODAY,3010000,Unknown,https://www.youtube.com/watch?v=N4HSET82w9Y
10,2020-08-09-2020-08-16,UCu6kdPM8cRvsnfD-0NsSpCA,Dp1ESLwLwJk,Ejercicios respiracion - Covid -19,2020-08-12T16:53:06Z,223535,3313,92,112,216,EPS SURA,24200,CO,https://www.youtube.com/watch?v=Dp1ESLwLwJk
11,2020-08-09-2020-08-16,UCNI0qOojpkhsUtaQ4_2NUhQ,DqnrqV6ogGw,"COVID-19 (Coronavirus Disease 19) August Update- causes, symptoms, diagnosis, treatment, pathology",2020-08-12T16:00:12Z,140144,2491,118,132,1501,Osmosis,1990000,US,https://www.youtube.com/watch?v=DqnrqV6ogGw
12,2020-08-09-2020-08-16,UCcYzLCs3zrQIBVHYA1sK2sw,B9uCN3zwrBo,Mental Health Impact of the COVID Pandemic  - Sadhguru with Medical Experts ,2020-08-13T12:07:45Z,133718,3611,80,295,8506,Sadhguru,7580000,IN,https://www.youtube.com/watch?v=B9uCN3zwrBo
13,2020-08-09-2020-08-16,UCG-iSMVtWbbwDDXgXXypARQ,i536vS3z3e8,COVID-19 Pandemic Update 101: T Cell Immunity vs. Antibodies &amp; Prior Exposure to Other Coronaviruses,2020-08-10T19:43:07Z,125779,4502,61,913,986,MedCram - Medical Lectures Explained CLEARLY,1100000,US,https://www.youtube.com/watch?v=i536vS3z3e8
14,2020-08-09-2020-08-16,UC_voqvWCPExU_khvJHFbW_g,-lB7ZWfbMWo,Ejercicios respiracion - COVID -19,2020-08-12T18:38:18Z,84719,1459,44,26,216,Seguros SURA Colombia,32200,CO,https://www.youtube.com/watch?v=-lB7ZWfbMWo
15,2020-08-09-2020-08-16,UCeY0bbntWzzVIaj2z3QigXg,lFkDFZBOM0U,Watch: Full interview With Director-General Of Wuhan Institute Of Virology | NBC News,2020-08-10T14:20:11Z,82141,976,226,818,1614,NBC News,5540000,Unknown,https://www.youtube.com/watch?v=lFkDFZBOM0U
16,2020-08-09-2020-08-16,UCG-iSMVtWbbwDDXgXXypARQ,qKM4MIrfr4k,COVID-19 Rapid Tests Demo &amp; Q/A with E25Bio Co-Founder (At Home Coronavirus Testing),2020-08-12T15:55:55Z,67738,1698,32,448,1418,MedCram - Medical Lectures Explained CLEARLY,1100000,US,https://www.youtube.com/watch?v=qKM4MIrfr4k
17,2020-08-09-2020-08-16,UCMtZt5KQmhCLXiQVRhIgzTg,fe0V6wUBLhw,Doctor Reacts to OUTBREAK film (1995) - comparing to COVID-19 pandemic,2020-08-12T14:44:28Z,58629,3435,38,556,1583,Dr Hope's Sick Notes,481000,GB,https://www.youtube.com/watch?v=fe0V6wUBLhw
18,2020-08-09-2020-08-16,UC_ClYrAtDNAGy5J0N-AwBNw,EbLV3DKvBOg,"Denmark Says &#39;No Benefit&#39; To Masks, Lockdowns Don&#39;t Work, COVID Tracking &amp; Israeli/US Foreign Policy",2020-08-10T01:02:09Z,25535,1712,40,185,9993,The Last American Vagabond,102000,US,https://www.youtube.com/watch?v=EbLV3DKvBOg
19,2020-08-09-2020-08-16,UCATNzbTbfeoMhNonZGZmrhA,g7ilXCHld7g,What have you learned about coronavirus in the last six months?,2020-08-14T01:37:52Z,13152,29,3,5,199,Johns Hopkins Medicine,230000,US,https://www.youtube.com/watch?v=g7ilXCHld7g
20,2020-08-09-2020-08-16,UCuFFtHWoLl5fauMMD5Ww2jA,jen7i_CQBTI,Front-line nurse on COVID-19: &#39;I&#39;m scared of being called a hero&#39;,2020-08-10T19:56:56Z,5693,118,76,45,253,CBC News,2670000,CA,https://www.youtube.com/watch?v=jen7i_CQBTI
21,2020-08-09-2020-08-16,UCiMg06DjcUk5FRiM3g5sqoQ,TuKRMYil7MQ,Maintaining Heart Health in COVID-19,2020-08-11T12:18:48Z,3801,48,11,0,31,Centers for Disease Control and Prevention (CDC),528000,US,https://www.youtube.com/watch?v=TuKRMYil7MQ
22,2020-08-09-2020-08-16,UCiMg06DjcUk5FRiM3g5sqoQ,zIYzDlFIDCw,Emergency Care for Heart Disease in COVID-19,2020-08-11T12:18:16Z,3154,29,5,0,31,Centers for Disease Control and Prevention (CDC),528000,US,https://www.youtube.com/watch?v=zIYzDlFIDCw
23,2020-08-09-2020-08-16,UCTp4iH6jDEg9we0zIjiUv4w,9KjuHEkdd7o,Bellary Center I Karnataka I Nilufer I Covid 19 Safety Precaution,2020-08-11T08:35:51Z,2274,473,1,22,226,Ceragem India Official,28600,IN,https://www.youtube.com/watch?v=9KjuHEkdd7o
24,2020-08-09-2020-08-16,UCmPdE27Wkrdi6qKk8CbEmWw,ddd46dufZg0,Improvisation WEST COAST SWING during Covid time!,2020-08-11T18:46:14Z,663,18,1,1,192,Philippe et Flore Berne,1210,CA,https://www.youtube.com/watch?v=ddd46dufZg0
25,2020-08-09-2020-08-16,UCPJdjPq7lY6mYQFoXOimOqQ,ebiwlz0L7ZI,"STA.CRUZ,LAGUNA FIGHT AGAINST COVID-9 || PINOYPAGE CHANNEL",2020-08-11T16:50:27Z,249,16,0,1,280,PinoyPage Channel,,PH,https://www.youtube.com/watch?v=ebiwlz0L7ZI
26,2020-08-09-2020-08-16,UC9taclTo27b0zD8Qaz-goUg,gFPn-9XytTc,List of food for covid patient and recovery | WHAT FOODS TO EAT TO AVOID CORONA VIRUS,2020-08-09T00:08:19Z,187,5,0,0,168,Programming Technology TV,1490,PH,https://www.youtube.com/watch?v=gFPn-9XytTc
27,2020-08-09-2020-08-16,UC9taclTo27b0zD8Qaz-goUg,nPnkYrIJ8Ss,Paano kumita ngayon Covid 19 at makaiwas | PATOK na negosyo ngayon covid-19 crisis update,2020-08-10T00:39:22Z,151,3,0,0,175,Programming Technology TV,1490,PH,https://www.youtube.com/watch?v=nPnkYrIJ8Ss
28,2020-08-09-2020-08-16,UC77t_fEK4whFSyvwuEWWTDQ,YZSbLGtQNd4,Covid 19: La carrera por las vacunas y Argentina en un lugar especial - Informe Gabriel Michi - C5N,2020-08-14T01:21:42Z,67,1,1,0,956,Gabriel Michi,1050,AR,https://www.youtube.com/watch?v=YZSbLGtQNd4
29,2020-08-09-2020-08-16,UCxbv9aJtZTwFvhkCbtedo_w,E_b_3HNEo2g,Minha experiencia com o Coronavirus,2020-08-10T21:32:21Z,57,8,0,0,260,*Ju Menezes*,63,BR,https://www.youtube.com/watch?v=E_b_3HNEo2g
