,codingWeek,channelId,videoId,title,publishedAt,viewCount,likeCount,dislikeCount,commentCount,duration,channelTitle,subscriberCount,country,videoURL
0,2020-08-23-2020-08-30,UC-9xtkxKpj9adunlGeuAW6w,dYchJsSGVx0,COVID BEARD Six Month Time-lapse in Quarantine,2020-08-26T17:58:07Z,3806799,36925,876,1633,95,Weak Or No Signal,2760,Unknown,https://www.youtube.com/watch?v=dYchJsSGVx0
1,2020-08-23-2020-08-30,UCZaT_X_mc0BI-djXOlfhqWQ,IsNN6d_5oJ8,Business Is Booming for the Italian Mafia During COVID,2020-08-27T10:00:05Z,3117108,27450,1479,3413,746,VICE News,6450000,US,https://www.youtube.com/watch?v=IsNN6d_5oJ8
2,2020-08-23-2020-08-30,UC9RM-iSvTu1uPJb8X5yp3EQ,H_akzwzghWQ,How COVID-19 Broke the Airline Pricing Model,2020-08-26T19:23:50Z,2032135,46465,1008,2137,884,Wendover Productions,2920000,GB,https://www.youtube.com/watch?v=H_akzwzghWQ
3,2020-08-23-2020-08-30,UCabaQPYxxKepWUsEVQMT4Kw,dcVl-FIu5AI,Do People with Certain Blood Types Have Worse Covid-19 Symptoms?,2020-08-26T22:20:42Z,1170051,13375,509,2189,319,Healthcare Triage,403000,Unknown,https://www.youtube.com/watch?v=dcVl-FIu5AI
4,2020-08-23-2020-08-30,UCknLrEdhRCp1aegoMqRaCZg,YiPtbJ5zgJQ,More long-term damage caused by COVID-19 than expected | COVID-19 Special,2020-08-25T16:00:10Z,841963,8760,435,2197,704,DW News,2480000,DE,https://www.youtube.com/watch?v=YiPtbJ5zgJQ
5,2020-08-23-2020-08-30,UCg2Uz0zvTaJ3dBae_Q3UqLw,GDZCrFbcfuQ,PRELEVEMENT COVID ENFANTS,2020-08-27T09:58:32Z,507670,2155,355,0,133,Centre Hospitalier de Valenciennes,1280,Unknown,https://www.youtube.com/watch?v=GDZCrFbcfuQ
6,2020-08-23-2020-08-30,UCiMg06DjcUk5FRiM3g5sqoQ,KHCrYOGkLMM,How to Clean and Disinfect Your Home if Someone has COVID-19,2020-08-24T15:17:54Z,502390,3062,200,1,124,Centers for Disease Control and Prevention (CDC),528000,US,https://www.youtube.com/watch?v=KHCrYOGkLMM
7,2020-08-23-2020-08-30,UCH6Oc4MAJzzmK0SM805ZnjQ,h1kDzqpDlY0,COVID-19 and Loss of Smell Explained,2020-08-27T22:39:23Z,467228,5359,183,4754,331,Dr Matt & Dr Mike,175000,AU,https://www.youtube.com/watch?v=h1kDzqpDlY0
8,2020-08-23-2020-08-30,UCMSsLqxqvZsNXi0Z-VjN89A,8nqgZn9Izv8,188 COVID 19 Patients Autopsy - Possible Heart Inflammation (Myocarditis)?,2020-08-24T19:05:41Z,312841,8846,227,965,842,Doctor Mike Hansen,668000,US,https://www.youtube.com/watch?v=8nqgZn9Izv8
9,2020-08-23-2020-08-30,UCiMg06DjcUk5FRiM3g5sqoQ,vSX8zpus-tI,Como limpiar y desinfectar su casa si alguien tiene COVID-19,2020-08-24T15:22:34Z,279613,1881,132,0,137,Centers for Disease Control and Prevention (CDC),528000,US,https://www.youtube.com/watch?v=vSX8zpus-tI
10,2020-08-23-2020-08-30,UC9zqTTVeClpqMQ5CLuJdWtw,MgqUmzX3fzo,Quem pegou covid-19 e ja se recuperou pode voltar ao convivio social? | Coronavirus #55,2020-08-27T21:00:04Z,174922,6821,148,325,132,Drauzio Varella,2850000,BR,https://www.youtube.com/watch?v=MgqUmzX3fzo
11,2020-08-23-2020-08-30,UCSwXe2WReWhNdjKRTh92b9g,TI0dXG47Baw,CORONAVIRUS COVID19 RE INFECCION: podemos re-infectarnos?,2020-08-29T20:49:48Z,167323,4957,148,542,736,Dr. Veller,582000,AR,https://www.youtube.com/watch?v=TI0dXG47Baw
12,2020-08-23-2020-08-30,UC346EX3v26ACsjLhe-HwHDg,dXWDYgSWv_k,Innovative Rapid Antigen Test and Companion Digital Health Tool to Battle COVID-19,2020-08-27T00:27:40Z,101860,242,37,48,80,Abbott,23600,Unknown,https://www.youtube.com/watch?v=dXWDYgSWv_k
13,2020-08-23-2020-08-30,UCG-iSMVtWbbwDDXgXXypARQ,J9BOs_dR_bI,Coronavirus Pandemic Update 104: COVID 19 Reinfection &amp; Immunity,2020-08-26T17:45:03Z,99081,3069,53,499,533,MedCram - Medical Lectures Explained CLEARLY,1100000,US,https://www.youtube.com/watch?v=J9BOs_dR_bI
14,2020-08-23-2020-08-30,UCSwXe2WReWhNdjKRTh92b9g,1RttoS0w388,"NOVEDADES TRATAMIENTO COVID-19: Corticoides, antiinflamatorios",2020-08-26T20:52:38Z,84388,3091,53,324,1602,Dr. Veller,582000,AR,https://www.youtube.com/watch?v=1RttoS0w388
15,2020-08-23-2020-08-30,UCiMg06DjcUk5FRiM3g5sqoQ,HNgDirLLZm8,"I Think or Know I had COVID-19, and I had Symptoms. When Can I Be With Others?",2020-08-24T17:11:47Z,63979,338,66,0,30,Centers for Disease Control and Prevention (CDC),528000,US,https://www.youtube.com/watch?v=HNgDirLLZm8
16,2020-08-23-2020-08-30,UC07-dOwgza1IguKA86jqxNA,U47SaDAmyrE,WHO&#39;s Science in 5 on COVID-19 - Herd Immunity - 28 August 2020,2020-08-28T12:22:06Z,41728,315,67,88,300,World Health Organization (WHO),699000,Unknown,https://www.youtube.com/watch?v=U47SaDAmyrE
17,2020-08-23-2020-08-30,UCHjm6wybRbldhqveS7c2WTA,ul91T90Cinw,Can The US Get A Coronavirus Vaccine In Record Time?,2020-08-24T21:58:01Z,36820,376,71,109,514,Insider News,110000,US,https://www.youtube.com/watch?v=ul91T90Cinw
18,2020-08-23-2020-08-30,UC_ClYrAtDNAGy5J0N-AwBNw,zrmV5qd2dHA,FDA Quietly Reveals That COVID-19 Has Not Been Isolated &amp; CDC Again Admits No Evidence Masks Work,2020-08-27T00:50:31Z,28127,1761,38,184,9015,The Last American Vagabond,102000,US,https://www.youtube.com/watch?v=zrmV5qd2dHA
19,2020-08-23-2020-08-30,UC_ClYrAtDNAGy5J0N-AwBNw,2sYUcebv1NA,"CENSORED: Why SARS CoV 2 Hasn&#39;t Been Isolated, Chromosome 8/PCR Tests &amp; Swine Flu Lie All Over Again",2020-08-29T20:21:19Z,9304,977,11,275,7112,The Last American Vagabond,102000,US,https://www.youtube.com/watch?v=2sYUcebv1NA
20,2020-08-23-2020-08-30,UC_ClYrAtDNAGy5J0N-AwBNw,jmsd05RlgWs,"Leading COVID-19 Manufacturer Exposed For Intentionally Selling Faulty Untested Products, Again",2020-08-26T18:30:17Z,8669,917,3,67,2734,The Last American Vagabond,102000,US,https://www.youtube.com/watch?v=jmsd05RlgWs
21,2020-08-23-2020-08-30,UC77t_fEK4whFSyvwuEWWTDQ,Ac3lv5kSVkM,"Covid 19 - Jamaica: la fiesta de Usain Bolt, quien contrajo Coronavirus - Informe Gabriel Michi -C5N",2020-08-25T01:19:40Z,5757,1,0,0,110,Gabriel Michi,1050,AR,https://www.youtube.com/watch?v=Ac3lv5kSVkM
22,2020-08-23-2020-08-30,UCzM26XchjwXQni2xqdwRv9Q,xnDMGHrql4c,first day of senior year *during COVID*,2020-08-27T00:16:17Z,180,11,1,N/A,87,maria cabrera,26,Unknown,https://www.youtube.com/watch?v=xnDMGHrql4c
23,2020-08-23-2020-08-30,UC0e2xRfg5STOCs9JijC66ug,XhSgpaolu1k,*Real* College Experience during COVID-19,2020-08-29T18:20:00Z,111,12,0,3,564,its haggy,,US,https://www.youtube.com/watch?v=XhSgpaolu1k
24,2020-08-23-2020-08-30,UC77t_fEK4whFSyvwuEWWTDQ,lrI3jm7gNM0,"Covid 19 - Francia: mas de 7.000 nuevos casos, lo mas alto desde el 31/3 - Informe Gabriel Michi-C5N",2020-08-29T02:27:29Z,53,0,0,0,114,Gabriel Michi,1050,AR,https://www.youtube.com/watch?v=lrI3jm7gNM0
25,2020-08-23-2020-08-30,UC77t_fEK4whFSyvwuEWWTDQ,PRAURmRqyjw,Covid 19 - Hong Kong confirma el primer caso de un paciente reinfectado - Informe Gabriel Michi -C5N,2020-08-24T17:17:51Z,42,0,0,0,236,Gabriel Michi,1050,AR,https://www.youtube.com/watch?v=PRAURmRqyjw
26,2020-08-23-2020-08-30,UCUX6sby7ozwTTfd7fyEUk2w,mHdzmFyfbkE,A story of love in the time of coronavirus,2020-08-25T09:55:15Z,34,0,0,0,176,Shanghai Daily,9760,CN,https://www.youtube.com/watch?v=mHdzmFyfbkE
27,2020-08-23-2020-08-30,UCMZKC6ATqTOrlFQ6aEWC3iA,EYphrYaQt-w,Addressing beloved people of Tripura#Covid 19 issues,2020-08-28T16:43:33Z,27,1,2,0,1122,News of Tripura - NTCN,,IN,https://www.youtube.com/watch?v=EYphrYaQt-w
28,2020-08-23-2020-08-30,UCWBXDmH-czsroh5nsiZfNFQ,t2jW3XDHWzk,"Obama blames Trump for COVID deaths, Obama funded the Wuhan Institute for Virology blamed for COVID",2020-08-28T11:08:07Z,4,0,0,0,871,RSS Commentary,77,US,https://www.youtube.com/watch?v=t2jW3XDHWzk
29,2020-08-23-2020-08-30,UCWBXDmH-czsroh5nsiZfNFQ,m4EZE5FPwsw,Joe &#39;Magoo&#39; Biden says he will shut down country to stop COVID if Democrat scientists tell him too,2020-08-25T21:51:28Z,3,1,0,0,1389,RSS Commentary,77,US,https://www.youtube.com/watch?v=m4EZE5FPwsw
