,codingWeek,channelId,videoId,title,publishedAt,viewCount,likeCount,dislikeCount,commentCount,duration,channelTitle,subscriberCount,country,videoURL
0,2020-06-28-2020-07-05,UC3XTzVzaHQEd30rQbuvCtTQ,R652nwUcJRA,Coronavirus IX: Evictions: Last Week Tonight with John Oliver (HBO),2020-06-29T06:30:01Z,7477013,141305,6109,21964,1139,LastWeekTonight,8710000,Unknown,https://www.youtube.com/watch?v=R652nwUcJRA
1,2020-06-28-2020-07-05,UCMSsLqxqvZsNXi0Z-VjN89A,w-NZeaEKRng,Top 10 Things I learned Treating COVID 19 ICU Patients | COVID 19 ICU,2020-07-02T15:05:28Z,1534230,34942,1441,4142,933,Doctor Mike Hansen,668000,US,https://www.youtube.com/watch?v=w-NZeaEKRng
2,2020-06-28-2020-07-05,UC0QHWhjbe5fGJEPz3sVb6nw,flzR0DImUbk,Doctor Fact-Checks President Trump On Coronavirus,2020-07-01T21:00:16Z,1205652,98856,2649,15795,719,Doctor Mike,7220000,US,https://www.youtube.com/watch?v=flzR0DImUbk
3,2020-06-28-2020-07-05,UCXmtnbNO7_no7RekfUIqVcw,Xaw8DsF2Igc,How to test your child for coronavirus (Covid-19) in the UK,2020-07-02T11:24:04Z,717403,2654,409,0,255,Department of Health and Social Care,15500,GB,https://www.youtube.com/watch?v=Xaw8DsF2Igc
4,2020-06-28-2020-07-05,UCo7a6riBFJ3tkeHjvkXPn1g,7cgpMBRPj8o,How Hong Kong beat coronavirus and avoided lockdown | CNBC Reports,2020-06-29T21:00:02Z,700093,9940,436,1802,489,CNBC International,989000,GB,https://www.youtube.com/watch?v=7cgpMBRPj8o
5,2020-06-28-2020-07-05,UCs6vRDdkZ8bP8Xt6WHbvrwA,ik5qhnqIZy8,The HU - Covid-19 Relief Effort Fundraising Concert,2020-06-28T17:59:31Z,493293,21107,160,2164,4575,The HU,1130000,MN,https://www.youtube.com/watch?v=ik5qhnqIZy8
6,2020-06-28-2020-07-05,UCXdXYG8dUmEv6jhEji_lSHg,J-h9D5r-hHc,Vermifugo e o medicamento da vez como possivel tratamento para covid-19,2020-06-30T01:11:04Z,453179,10316,579,1865,182,Jornalismo TV Cultura,677000,BR,https://www.youtube.com/watch?v=J-h9D5r-hHc
7,2020-06-28-2020-07-05,UCZYTClx2T1of7BRZ86-8fow,mIJYfsOyO4M,From Scarred Lungs to Diabetes: How COVID May Stick With People Long-Term | SciShow News,2020-07-03T21:00:14Z,447422,17624,377,1589,365,SciShow,6650000,US,https://www.youtube.com/watch?v=mIJYfsOyO4M
8,2020-06-28-2020-07-05,UCcYzLCs3zrQIBVHYA1sK2sw,1jcdXh3i2aU,What is the Worst That Can Happen in This COVID Era?  With Sadhguru in Challenging Times - 28 Jun,2020-06-28T13:52:53Z,378015,8790,335,657,4710,Sadhguru,7580000,IN,https://www.youtube.com/watch?v=1jcdXh3i2aU
9,2020-06-28-2020-07-05,UCNxeUkuHYAvvZ7Gl1G6Ea_w,yIVspK_seNE,Cuidados del paciente con CoVID-19 en el hogar,2020-07-02T14:50:45Z,351587,4148,202,0,384,OrganizacionVID,10000,Unknown,https://www.youtube.com/watch?v=yIVspK_seNE
10,2020-06-28-2020-07-05,UC4p6bEngiRCN7TyTxZVJ3OQ,RqYD7taehrU,Coronavirus Treatment and Prevention With Monoclonal Antibodies,2020-07-01T15:00:07Z,308175,1367,219,86,356,JAMA Network,112000,US,https://www.youtube.com/watch?v=RqYD7taehrU
11,2020-06-28-2020-07-05,UCXdXYG8dUmEv6jhEji_lSHg,NbRNo1kYub4,Medico Dante Senra comenta uso de Ivermectina no tratamento da Covid-19,2020-06-30T01:09:11Z,289949,7792,326,1266,155,Jornalismo TV Cultura,677000,BR,https://www.youtube.com/watch?v=NbRNo1kYub4
12,2020-06-28-2020-07-05,UCSwXe2WReWhNdjKRTh92b9g,p8ozvtuPXtM,COVID DIAGNOSTICO,2020-06-28T18:08:19Z,279394,6154,166,304,2281,Dr. Veller,582000,AR,https://www.youtube.com/watch?v=p8ozvtuPXtM
13,2020-06-28-2020-07-05,UCUWchV5gYNAvaahYDGGdsdw,mIbHlNm_-vU,Recomendaciones rehabilitacion secuelas post-covid-19 | Physiociencia,2020-06-30T07:19:00Z,261955,2705,179,639,522,PHYSIOCIENCIA,4060,ES,https://www.youtube.com/watch?v=mIbHlNm_-vU
14,2020-06-28-2020-07-05,UCvhPRRiwI1_p4OBsY0yz6mg,qX0jbLxFQ90,Corona Quacks: Exposing fake coronavirus cures in Ghana - BBC Africa Eye documentary,2020-06-29T18:30:17Z,253518,2580,239,760,1678,BBC News Africa,668000,GB,https://www.youtube.com/watch?v=qX0jbLxFQ90
15,2020-06-28-2020-07-05,UCLZXxxhJSqDygwpjUa7XEww,0PSBSsBGa9k,"Dr Jayalakshmi T K, speaking on Pneumonia During COVID-19",2020-06-29T05:48:08Z,157809,1788,101,0,401,Apollo Hospitals - Navi Mumbai,2790,IN,https://www.youtube.com/watch?v=0PSBSsBGa9k
16,2020-06-28-2020-07-05,UCG-iSMVtWbbwDDXgXXypARQ,kK-DNyKnb5c,Coronavirus Pandemic Update 92: Blood Clots &amp; COVID-19 - New Research &amp; Potential Role of NAC,2020-07-03T16:29:44Z,112115,4255,43,684,478,MedCram - Medical Lectures Explained CLEARLY,1100000,US,https://www.youtube.com/watch?v=kK-DNyKnb5c
17,2020-06-28-2020-07-05,UCknLrEdhRCp1aegoMqRaCZg,ITZ9T3gswzQ,How the coronavirus affects pregnancy and childbirth | COVID-19 Special,2020-07-02T15:19:27Z,55071,338,22,59,682,DW News,2480000,DE,https://www.youtube.com/watch?v=ITZ9T3gswzQ
18,2020-06-28-2020-07-05,UC2uIIvCdT9VRYZaZD2BxHPg,UGGazAdKh7U,Cuidados en enfermeria en el paciente intubado por COVID-19,2020-07-04T02:38:15Z,46841,914,30,38,1553,Entrenamiento en Áreas Criticas,66600,MX,https://www.youtube.com/watch?v=UGGazAdKh7U
19,2020-06-28-2020-07-05,UC07-dOwgza1IguKA86jqxNA,oDE8_4UTuRM,Coronavirus mythbusters: 5G mobile networks DO NOT spread COVID-19,2020-07-03T06:01:38Z,43389,405,85,51,32,World Health Organization (WHO),699000,Unknown,https://www.youtube.com/watch?v=oDE8_4UTuRM
20,2020-06-28-2020-07-05,UC07-dOwgza1IguKA86jqxNA,2xaM_BFlg8Q,Coronavirus mythbusters: Ultra-violet (UV) lamps and COVID-19,2020-07-03T06:01:38Z,34431,96,63,26,29,World Health Organization (WHO),699000,Unknown,https://www.youtube.com/watch?v=2xaM_BFlg8Q
21,2020-06-28-2020-07-05,UCvNbTU5NSQ_K8cWfY9OmWsw,ITEln201ud0,Professora da UFMG explica relacao entre covid-19 e trombose,2020-06-30T14:00:05Z,34310,997,16,122,242,TV UFMG,33100,Unknown,https://www.youtube.com/watch?v=ITEln201ud0
22,2020-06-28-2020-07-05,UCyoGb3SMlTlB8CLGVH4c8Rw,HTGAFlUhMb8,?Como es el estudio que realizan los cientificos del origen del Covid 19?,2020-07-03T15:37:37Z,34031,376,27,63,480,euronews (en español),1320000,ES,https://www.youtube.com/watch?v=HTGAFlUhMb8
23,2020-06-28-2020-07-05,UC5ADeLt8ckSBvfz0C47qbGQ,Cmrh6e0t0uY,Respiratory Support for COVID-19,2020-06-29T13:45:00Z,30055,656,13,70,1094,ICU Advantage,192000,US,https://www.youtube.com/watch?v=Cmrh6e0t0uY
24,2020-06-28-2020-07-05,UCabaQPYxxKepWUsEVQMT4Kw,DftHQZVD1Y0,COVID-19 Surveillance and the Difficulty of Contact Tracing,2020-06-30T19:10:29Z,22151,805,46,127,338,Healthcare Triage,403000,Unknown,https://www.youtube.com/watch?v=DftHQZVD1Y0
25,2020-06-28-2020-07-05,UCXLFROpT1lYfmEHHlCB_aTw,NJCyzYKbwOY,COVID -19 RESPONSE / WASH CHAMPION / Online Teacher Training Program,2020-06-29T00:25:39Z,17566,338,34,126,875,YOUR GOOD TECH,,IN,https://www.youtube.com/watch?v=NJCyzYKbwOY
26,2020-06-28-2020-07-05,UC_ClYrAtDNAGy5J0N-AwBNw,WfvEzcDDyEg,NIH &amp; Moderna Signed mRNA Vaccine Contract Before COVID Event Started &amp; Shocking New CDC Mask Study,2020-06-30T01:32:17Z,15468,1271,21,138,7016,The Last American Vagabond,102000,US,https://www.youtube.com/watch?v=WfvEzcDDyEg
27,2020-06-28-2020-07-05,UC_ClYrAtDNAGy5J0N-AwBNw,OHxIMP3ZyX8,CDC Admits To Hyping Severity Of The COVID Numbers By Conflating Antibody Tests With Normal Testing,2020-06-30T19:00:23Z,13728,934,17,71,625,The Last American Vagabond,102000,US,https://www.youtube.com/watch?v=OHxIMP3ZyX8
28,2020-06-28-2020-07-05,UC07-dOwgza1IguKA86jqxNA,Wy-BHuEADpk,"A Global Collaboration to Equitable Access to New COVID-19 diagnostics, therapeutics and vaccines.",2020-06-30T12:59:29Z,12823,89,51,15,95,World Health Organization (WHO),699000,Unknown,https://www.youtube.com/watch?v=Wy-BHuEADpk
29,2020-06-28-2020-07-05,UC07-dOwgza1IguKA86jqxNA,oRyuOLP5xUE,Coronavirus mythbusters: Spraying and introducing bleach into your body WON&#39;T protect you,2020-07-03T06:01:37Z,12433,90,27,19,37,World Health Organization (WHO),699000,Unknown,https://www.youtube.com/watch?v=oRyuOLP5xUE
