,codingWeek,channelId,videoId,title,publishedAt,viewCount,likeCount,dislikeCount,commentCount,duration,channelTitle,subscriberCount,country,videoURL
0,2020-03-08-2020-03-15,UCj6PcyLvpnIRT_2W_mwa9Aw,wHn1_QVoXGM,TN EN VIVO | Mira la programacion de TODO NOTICIAS durante las 24hs,2020-03-14T14:41:11Z,276535777,N/A,N/A,0,0,Todo Noticias,1780000,AR,https://www.youtube.com/watch?v=wHn1_QVoXGM
1,2020-03-08-2020-03-15,UCiMg06DjcUk5FRiM3g5sqoQ,9cfYC4YLsu4,"CDC Briefing Room: COVID-19 Update: March 14, 2020",2020-03-14T22:53:32Z,10734241,73214,10218,0,96,Centers for Disease Control and Prevention (CDC),528000,US,https://www.youtube.com/watch?v=9cfYC4YLsu4
2,2020-03-08-2020-03-15,UCGkVdu_EVrqqxQ7OnLFK8RQ,prHuClGHtmY,?QUE ES EL CORONAVIRUS?  Explicacion para ninos | Videos Educativos para Ninos,2020-03-12T13:30:10Z,10621562,73973,14373,0,169,Happy Learning Español,1730000,ES,https://www.youtube.com/watch?v=prHuClGHtmY
3,2020-03-08-2020-03-15,UCsT0YIqwnpJCM-mx7-gSA4Q,Fqw-9yMV0sI,Coronavirus Is Our Future | Alanna Shaikh | TEDxSMU,2020-03-11T19:00:14Z,7137121,157026,12641,17880,1006,TEDx Talks,31300000,Unknown,https://www.youtube.com/watch?v=Fqw-9yMV0sI
4,2020-03-08-2020-03-15,UCiMg06DjcUk5FRiM3g5sqoQ,QNo5ZDvKuHg,CDC Briefing Room: COVID-19 Update and Risks,2020-03-09T23:35:00Z,6643422,97717,9021,20437,207,Centers for Disease Control and Prevention (CDC),528000,US,https://www.youtube.com/watch?v=QNo5ZDvKuHg
5,2020-03-08-2020-03-15,UCKjU3KzdbJE1EFcHVqXC3_g,14mRmD8zHOk,Watch what it&#39;s like to get tested for COVID-19,2020-03-12T02:26:37Z,4318001,17054,2025,N/A,119,CBC News: The National,1120000,CA,https://www.youtube.com/watch?v=14mRmD8zHOk
6,2020-03-08-2020-03-15,UCAA-SoAGPNIjdLUUQxkQI2w,9RdV9m62OKE, SIGNOS y SINTOMAS del #CORONAVIRUS,2020-03-12T09:00:11Z,3997762,16701,4539,3040,145,SalusPlay,85600,ES,https://www.youtube.com/watch?v=9RdV9m62OKE
7,2020-03-08-2020-03-15,UCiMg06DjcUk5FRiM3g5sqoQ,qPoptbtBjkg,10 Things You Can Do to Manage COVID-19 at Home,2020-03-13T22:59:23Z,2105951,12680,1527,0,74,Centers for Disease Control and Prevention (CDC),528000,US,https://www.youtube.com/watch?v=qPoptbtBjkg
8,2020-03-08-2020-03-15,UC0InVdvqNyNzKBl1-TL348A,ZezntM6IAvU,Coronavirus in Tamil | Dr. V Ramasubramanian | Apollo Hospitals,2020-03-09T09:11:22Z,1699951,14131,1084,0,177,Apollo Hospitals,186000,IN,https://www.youtube.com/watch?v=ZezntM6IAvU
9,2020-03-08-2020-03-15,UCvgfXK4nTYKudb0rFR6noLA,JyGO22pRyDk,UFC President Dana White Addresses Coronavirus Impact on UFC Events,2020-03-13T02:08:19Z,1660538,62726,1630,7401,78,UFC - Ultimate Fighting Championship,11700000,US,https://www.youtube.com/watch?v=JyGO22pRyDk
10,2020-03-08-2020-03-15,UC07-dOwgza1IguKA86jqxNA,8c_UJwLq8PI,Coronavirus - seven steps to prevent the spread of the virus,2020-03-13T11:37:06Z,1184884,12656,582,484,30,World Health Organization (WHO),699000,Unknown,https://www.youtube.com/watch?v=8c_UJwLq8PI
11,2020-03-08-2020-03-15,UCtvvTFp0XANyllOdmzZr9VQ,bEIvwCCMsEY,CORONAVIRUS: COMO ENFRENTAR A PANDEMIA? | Claudia Feitosa-Santana,2020-03-13T15:36:05Z,1036220,60920,1172,1429,782,Casa do Saber,1340000,Unknown,https://www.youtube.com/watch?v=bEIvwCCMsEY
12,2020-03-08-2020-03-15,UCIBaDdAbGlFDeS33shmlD0A,ARpxtAKsORw,Coronavirus: nitrogen dioxide emissions drop over Italy,2020-03-13T14:48:06Z,859403,2198,95,337,41,"European Space Agency, ESA",800000,Unknown,https://www.youtube.com/watch?v=ARpxtAKsORw
13,2020-03-08-2020-03-15,UC0InVdvqNyNzKBl1-TL348A,QXNT2qaTELg,Coronavirus in Bengali | Doctor Video | Apollo Hospitals,2020-03-09T09:31:14Z,618411,3329,565,0,105,Apollo Hospitals,186000,IN,https://www.youtube.com/watch?v=QXNT2qaTELg
14,2020-03-08-2020-03-15,UC4p6bEngiRCN7TyTxZVJ3OQ,TKS1pahoPRU,Coronavirus in Italy - Report From The Front Lines,2020-03-13T14:12:14Z,470154,4130,112,463,2210,JAMA Network,112000,US,https://www.youtube.com/watch?v=TKS1pahoPRU
15,2020-03-08-2020-03-15,UC_k7-bRC0gQfKHXHW7fNQ7w,I0TmBsHaGmI,Coronavirus SARS-CoV-2 structure,2020-03-13T15:33:37Z,456658,4086,165,434,137,biolution,15900,AT,https://www.youtube.com/watch?v=I0TmBsHaGmI
16,2020-03-08-2020-03-15,UCWrXlzhIENTJrAuKVuPgdEA,0h_VFRqibIg,Disease control expert debunks coronavirus myths | Expert Opinion,2020-03-10T19:21:15Z,440742,5644,426,1160,306,WIRED UK,226000,GB,https://www.youtube.com/watch?v=0h_VFRqibIg
17,2020-03-08-2020-03-15,UCYl9AzsVwS_4Swt4VZ1dhuQ,4ij1I0OB2hk,Coronavirus: how to wash your hands,2020-03-13T11:52:42Z,224756,290,26,32,47,Barts Health NHS Trust,8080,Unknown,https://www.youtube.com/watch?v=4ij1I0OB2hk
18,2020-03-08-2020-03-15,UC5l1d3JSBZJPKqhYq02vRUw,-kU8Xv2CYJM,How to Protect Yourself Against Coronavirus (COVID-19) | MedBridge,2020-03-12T22:11:39Z,142224,802,52,N/A,165,MedBridge,9140,US,https://www.youtube.com/watch?v=-kU8Xv2CYJM
19,2020-03-08-2020-03-15,UCLiWQk8JzhNRcNiDKk4dpaw,Zn6ih6mWn1o,Coronavirus safety tips,2020-03-13T14:42:39Z,117294,795,70,45,60,American Heart Association,138000,Unknown,https://www.youtube.com/watch?v=Zn6ih6mWn1o
20,2020-03-08-2020-03-15,UCJWqhYTN2h00RsOBQSFEytg,WhVad8ToCiU,How to Talk to Kids About the Coronavirus,2020-03-09T19:21:04Z,91984,N/A,N/A,0,239,Child Mind Institute,17100,US,https://www.youtube.com/watch?v=WhVad8ToCiU
21,2020-03-08-2020-03-15,UChQ1WwuKAK11mF48Zyz1xQA,4uPuFViuMrI,Coronavirus New World Order Set-up,2020-03-14T05:13:07Z,51674,1137,63,556,316,Chris Akins,11400,Unknown,https://www.youtube.com/watch?v=4uPuFViuMrI
22,2020-03-08-2020-03-15,UCQWe5fq1_Q5DY92xf4aWQDw,mE1AOXG1VXU,MSP   Coronavirus,2020-03-14T22:55:12Z,50760,243,19,0,46,Ministerio de Salud Pública Uruguay,11100,Unknown,https://www.youtube.com/watch?v=mE1AOXG1VXU
23,2020-03-08-2020-03-15,UCWK9Zhk-Z0jFNKrdm6Y5kCQ,65AvdOQFfaI,Como prevenimos el COVID-19,2020-03-11T21:00:03Z,46913,175,10,5,45,Ministerio de Salud Gobierno de Chile,34400,Unknown,https://www.youtube.com/watch?v=65AvdOQFfaI
24,2020-03-08-2020-03-15,UC_ClYrAtDNAGy5J0N-AwBNw,crUXWSD-MjU,"More Evidence New Coronavirus Started In The US &amp; Iraq Gov Says US Missiles Killed Civilians, Police",2020-03-14T01:48:22Z,33563,1991,69,267,10133,The Last American Vagabond,102000,US,https://www.youtube.com/watch?v=crUXWSD-MjU
25,2020-03-08-2020-03-15,UC95SRF794vP9hoUVDUL8R6w,reVadDRwy_A,Controlling Coronavirus in Australian with WHO Expert Dr Bruce Aylward,2020-03-11T11:28:44Z,28964,207,26,8,3101,Craig Dalton,607,Unknown,https://www.youtube.com/watch?v=reVadDRwy_A
26,2020-03-08-2020-03-15,UC_ClYrAtDNAGy5J0N-AwBNw,qsSwMFqkz5U,"Whatever Your Opinion Of The Coronavirus, It&#39;s Being Used To Control You And Remove Your Rights",2020-03-14T23:16:32Z,19829,1196,17,196,980,The Last American Vagabond,102000,US,https://www.youtube.com/watch?v=qsSwMFqkz5U
27,2020-03-08-2020-03-15,UCx2iJs8Y8FsZ10EDRT6UY6Q,KdyrAzs8fGg,"What is the truth behind CORONA VIRUS Covid-19? | Q and A with Dr. N.K. Sharma, Reiki Grand Master",2020-03-13T03:59:42Z,18683,659,11,0,445,PMC Hindi,60800,IN,https://www.youtube.com/watch?v=KdyrAzs8fGg
28,2020-03-08-2020-03-15,UCID5qusrF32kSj-oSGq3rJg,oQqnsl6qMT0,[AI Voice] It&#39;s Covid-19 Time!,2020-03-12T14:15:38Z,13391,527,6,21,18,Speaking of AI,39700,CA,https://www.youtube.com/watch?v=oQqnsl6qMT0
29,2020-03-08-2020-03-15,UCJoSU8jf-MqbyJWk9sLlW0A,Iphk-MuWHFo,My Thoughts On The Coronavirus,2020-03-13T20:58:52Z,42,1,0,0,321,Sophia Young,167,Unknown,https://www.youtube.com/watch?v=Iphk-MuWHFo
