,codingWeek,channelId,videoId,title,publishedAt,viewCount,likeCount,dislikeCount,commentCount,duration,channelTitle,subscriberCount,country,videoURL
0,2020-01-05-2020-01-12,UC8dnBi4WUErqYQHZ4PfsLTg,jdJoOhqCipA,TV9 KANNADA NEWS LIVE | ttivi9 knndd nyuus laiv,2020-01-08T06:59:28Z,839906283,799102,265735,0,0,Tv9 Kannada,,IN,https://www.youtube.com/watch?v=jdJoOhqCipA
1,2020-01-05-2020-01-12,UC4SUWizzKc1tptprBkWjX2Q,5KJUcKV9q50,China identifies new coronavirus behind Wuhan pneumonia outbreak,2020-01-09T08:20:52Z,674327,2575,297,821,67,South China Morning Post,2270000,HK,https://www.youtube.com/watch?v=5KJUcKV9q50
2,2020-01-05-2020-01-12,UCT4Jg8h03dD0iN3Pb5L0PMA,-Xeg3uxeWbo,Misterioso brote de neumonia en China,2020-01-09T20:46:36Z,600136,8158,745,N/A,85,DW Español,1620000,DE,https://www.youtube.com/watch?v=-Xeg3uxeWbo
3,2020-01-05-2020-01-12,UCGCZAYq5Xxojl_tSXcVJhiQ,FEjUarcl67U,Zhong Guo deYuan Yin Bu Ming nouirusuXing Fei Yan gaDang Ju haSARSFou Ding (20/01/06),2020-01-06T10:17:57Z,188715,1857,91,928,39,ANNnewsCH,1860000,JP,https://www.youtube.com/watch?v=FEjUarcl67U
4,2020-01-05-2020-01-12,UC2upzrFO49O8xk4fmZtp9uw,kJCpHW255HI,"Tasty Eater - Jan 2, 2020 - Last one before Covid hit",2020-01-05T14:04:55Z,13,0,0,0,271,Paul Schwartz,4,Unknown,https://www.youtube.com/watch?v=kJCpHW255HI
