,codingWeek,channelId,videoId,title,publishedAt,viewCount,likeCount,dislikeCount,commentCount,duration,channelTitle,subscriberCount,country,videoURL
0,2020-03-29-2020-04-05,UCI2OiZs5aVcyBUBVsgovzng,OSFfph_1k0g,Viet Nam Se Chien Thang| MV Co Vu Chong Covid-19| Sting x Yeah1 x Nhieu Ca Si,2020-03-31T12:00:14Z,30628666,249899,11086,10611,187,YEAH1 MUSIC,3030000,VN,https://www.youtube.com/watch?v=OSFfph_1k0g
1,2020-03-29-2020-04-05,UC3XTzVzaHQEd30rQbuvCtTQ,ElIf2DBrWzU,Coronavirus III: Last Week Tonight with John Oliver (HBO),2020-03-30T06:30:02Z,10363647,300211,10162,36987,1169,LastWeekTonight,8710000,Unknown,https://www.youtube.com/watch?v=ElIf2DBrWzU
2,2020-03-29-2020-04-05,UC_gUM8rL-Lrg6O3adPW9K1g,rQRvDBgwb20,Gravitas: Wuhan CoronaVirus | Pictures that China doesn&#39;t want you to see | World News|Corona Update,2020-03-30T18:19:31Z,4723480,81974,5016,10738,330,WION,2740000,IN,https://www.youtube.com/watch?v=rQRvDBgwb20
3,2020-03-29-2020-04-05,UC_gUM8rL-Lrg6O3adPW9K1g,beDmuDDknNI,Gravitas: The interview China tried to hide | Wuhan Coronavirus | Dr. Ai Fen,2020-04-03T18:59:03Z,3835153,83035,2615,9715,260,WION,2740000,IN,https://www.youtube.com/watch?v=beDmuDDknNI
4,2020-03-29-2020-04-05,UCVTyTA7-g9nopHeHbeuvpRA,_KY83kAepHE,Trump Pretends He Never Compared Coronavirus to the Flu: A Closer Look,2020-04-02T03:30:07Z,3277936,59496,2270,9115,844,Late Night with Seth Meyers,4180000,US,https://www.youtube.com/watch?v=_KY83kAepHE
5,2020-03-29-2020-04-05,UC55-mxUj5Nj3niXFReG44OQ,Yg3HGOaYRLs,Como el COVID-19 cambiara el mundo,2020-04-03T15:35:05Z,1742874,44396,3499,4147,1357,Platzi,1200000,MX,https://www.youtube.com/watch?v=Yg3HGOaYRLs
6,2020-03-29-2020-04-05,UC4os_iuZUqrBYc0ZKXYeupQ,FPHKF0LRubU,Ejercicios Rehabilitacion Coronavirus,2020-04-01T11:52:35Z,1478291,25268,826,0,870,Hospital Universitari Son Espases,14600,ES,https://www.youtube.com/watch?v=FPHKF0LRubU
7,2020-03-29-2020-04-05,UC4ZyUot7ROY6H1kV8_J__kQ,RQxxYJmF0cw,How to do a Swab for COVID Testing,2020-04-03T00:06:19Z,1304302,2435,2414,N/A,138,Mount Sinai Health System,93200,US,https://www.youtube.com/watch?v=RQxxYJmF0cw
8,2020-03-29-2020-04-05,UCyNelVgUjZ3z-uHSrJFDzOg,UlsAPax-mQ8,Guia: Intubacao Orotraqueal de Adultos em Covid-19.,2020-04-04T23:00:22Z,1288344,16552,827,1228,307,IMEPAC Centro Universitário,10500,BR,https://www.youtube.com/watch?v=UlsAPax-mQ8
9,2020-03-29-2020-04-05,UCvJJ_dzjViJCoLf5uKUTwoA,uDiR4Qm4O-w,Can Cruise Lines Recover From Coronavirus?,2020-04-03T18:55:52Z,1215781,8106,922,3015,1062,CNBC,2300000,Unknown,https://www.youtube.com/watch?v=uDiR4Qm4O-w
10,2020-03-29-2020-04-05,UC0p5jTq6Xx_DosDFxVXnWaQ,wUUWoN4LKuE,Covid-19: how bad will it be for the economy? | The Economist,2020-04-03T18:00:17Z,1049778,13466,407,1047,393,The Economist,1930000,GB,https://www.youtube.com/watch?v=wUUWoN4LKuE
11,2020-03-29-2020-04-05,UCh6KFtW4a4Ozr81GI1cxaBQ,m9A4FMpwcQM,A Deep Look into the Biology and Evolution of COVID-19,2020-04-02T15:45:00Z,786311,8017,909,2108,5131,University of California Television (UCTV),801000,Unknown,https://www.youtube.com/watch?v=m9A4FMpwcQM
12,2020-03-29-2020-04-05,UCoFX8yfaEwXNEu3HgLdfomQ,-GncQ_ed-9w,COVID-19: Donning and doffing of Personal Protective Equipment in Health and Social Care Settings,2020-04-02T17:19:12Z,642252,1046,53,40,405,Public Health England,11500,Unknown,https://www.youtube.com/watch?v=-GncQ_ed-9w
13,2020-03-29-2020-04-05,UCwI-JbGNsojunnHbFAc0M4Q,S8DVn_8u9dU,Coronavirus : le grand sommeil | ARTE Reportage,2020-03-30T16:30:01Z,634396,6056,422,917,739,ARTE,1950000,FR,https://www.youtube.com/watch?v=S8DVn_8u9dU
14,2020-03-29-2020-04-05,UCiMg06DjcUk5FRiM3g5sqoQ,FcLDWpVW0so,6 medidas para prevenir el COVID-19,2020-04-03T12:47:54Z,549967,4217,597,0,183,Centers for Disease Control and Prevention (CDC),528000,US,https://www.youtube.com/watch?v=FcLDWpVW0so
15,2020-03-29-2020-04-05,UCN-opsqqDunWO6h5uCp9Y4g,szqhKj41Nh0,Saiba as diferencas do tratamento da Covid-19 em casa e no hospital,2020-04-01T16:22:51Z,507840,8610,420,653,1024,Hoje em Dia,2700000,Unknown,https://www.youtube.com/watch?v=szqhKj41Nh0
16,2020-03-29-2020-04-05,UC85VW73bQLEjs_taFKP7TwQ,VOeJrTkH67A,"3D Animation: How Do I Protect Myself From Coronavirus, COVID-19?",2020-04-03T13:00:18Z,378509,5539,340,320,94,Nucleus Medical Media,3500000,US,https://www.youtube.com/watch?v=VOeJrTkH67A
17,2020-03-29-2020-04-05,UCFC3nJ8GXl5yONe3tB_vhsw,3csFFL5LPvo,"Coronavirus : les symptomes, un specialiste repond a vos questions",2020-04-03T17:54:32Z,321450,1600,170,248,226,France 3 Hauts-de-France,135000,FR,https://www.youtube.com/watch?v=3csFFL5LPvo
18,2020-03-29-2020-04-05,UCVw28wsZzjZkW240cKQ1nUw,XLOhOx7D4NA,Hysterical - Quarantined Brits Play Recorder From Balconies - Coronavirus,2020-03-29T15:47:59Z,286607,4561,128,278,90,Rainer Hersch Fan Channel,236000,GB,https://www.youtube.com/watch?v=XLOhOx7D4NA
19,2020-03-29-2020-04-05,UCiMg06DjcUk5FRiM3g5sqoQ,MCRQYbc4pa8,10 cosas que puede hacer para controlar el COVID-19 en casa,2020-04-03T12:47:25Z,240017,1323,227,0,105,Centers for Disease Control and Prevention (CDC),528000,US,https://www.youtube.com/watch?v=MCRQYbc4pa8
20,2020-03-29-2020-04-05,UCR9m1bxGaw3Ubrap34U-yDA,GQUCCkHNjN8,Coronavirus COVID-19 | Viral Structure &amp; Pathogenesis,2020-04-03T18:13:52Z,230733,3550,114,195,780,AnatomyZone,813000,GB,https://www.youtube.com/watch?v=GQUCCkHNjN8
21,2020-03-29-2020-04-05,UC_FANzGuLSYbIfj5XhmdZXQ,AaXZflLkB80,Covid-19:  An Illustrated Scientific Summary,2020-04-02T16:07:09Z,171674,1259,21,41,498,Yale School Of Medicine,7250,US,https://www.youtube.com/watch?v=AaXZflLkB80
22,2020-03-29-2020-04-05,UCCITMedGC5PA-zMrLTH5-kg,reyR9Wv8vjk,3/30/20: Members of the Coronavirus Task Force Hold a Press Briefing,2020-03-30T23:53:06Z,134971,3936,176,N/A,3436,Trump White House Archived,59100,US,https://www.youtube.com/watch?v=reyR9Wv8vjk
23,2020-03-29-2020-04-05,UCjQb2xKEBhBoYrUL-OLlV7w,xieQQ8oOE6o,Inilah Sebabnya kenapa Negri Sejuta Wali tidak terkena Covid-19| Habib Ali Masyhur bin Hafidz,2020-04-04T09:58:27Z,122621,2029,54,N/A,274,WADI MEDIA,,ID,https://www.youtube.com/watch?v=xieQQ8oOE6o
24,2020-03-29-2020-04-05,UCiMg06DjcUk5FRiM3g5sqoQ,qBJ9LViUxK4,COVID-19: Lo que los adultos mayores necesitan saber,2020-04-03T12:46:53Z,121097,812,102,0,220,Centers for Disease Control and Prevention (CDC),528000,US,https://www.youtube.com/watch?v=qBJ9LViUxK4
25,2020-03-29-2020-04-05,UC6awebmNxJRT3gIMJcQgXjw,tsF95MNa9RQ,#COVID 19. Detenidos los ocupantes de un vehiculo que evadieron un control de confinamiento.,2020-03-31T11:02:32Z,98342,1342,92,N/A,69,Guardia Civil,91500,ES,https://www.youtube.com/watch?v=tsF95MNa9RQ
26,2020-03-29-2020-04-05,UC6awebmNxJRT3gIMJcQgXjw,WT5lo3rTRiQ,#COVID 19. Escoltado un camion sanitario desde Portugal hasta la provincia de Alicante.,2020-04-04T15:17:51Z,84603,1162,48,N/A,103,Guardia Civil,91500,ES,https://www.youtube.com/watch?v=WT5lo3rTRiQ
27,2020-03-29-2020-04-05,UCG5TBPANNSiKf1Dp-R5Dibg,B6AjYEHobnY,smoking and COVID-19 ( Coronavirus disease ),2020-03-29T10:12:38Z,84309,526,158,78,78,Dr.G Bhanu Prakash Animated Medical Videos,458000,IN,https://www.youtube.com/watch?v=B6AjYEHobnY
28,2020-03-29-2020-04-05,UC6awebmNxJRT3gIMJcQgXjw,FOT6QdHEXZ0,#COVID 19.La Guardia Civil provee de viveres a dos jovenes en un velero fondeado en la isla de Lobos,2020-03-30T06:30:00Z,69572,885,43,N/A,60,Guardia Civil,91500,ES,https://www.youtube.com/watch?v=FOT6QdHEXZ0
29,2020-03-29-2020-04-05,UCuahrhoDKFZ-ZlZtM54z3BA,mJZUb-vgVpY,Equipo e indumentaria de bioseguridad Covid-19,2020-03-30T19:40:19Z,56907,433,84,4,758,Clínica Medellín,64100,CO,https://www.youtube.com/watch?v=mJZUb-vgVpY
