,codingWeek,channelId,videoId,title,publishedAt,viewCount,likeCount,dislikeCount,commentCount,duration,channelTitle,subscriberCount,country,videoURL
0,2020-02-02-2020-02-09,UCxlJ45KjG4XVcQ_hd8j227A,R-JbDMYmAQM,CORONAVIRUS | What Is Coronavirus? | Coronavirus Outbreak | The Dr Binocs Show | Peekaboo Kidz,2020-02-07T12:32:48Z,7739122,97763,7806,0,395,Peekaboo Kidz,1800000,IN,https://www.youtube.com/watch?v=R-JbDMYmAQM
1,2020-02-02-2020-02-09,UCCdzRlx-LUYXqRTXFMvXPzw,AhJpNEfIFYo,El nuevo coronavirus explicado por un virologo - (COVID-19),2020-02-04T14:29:59Z,4116368,41618,5240,5705,945,UBUinvestiga,41500,ES,https://www.youtube.com/watch?v=AhJpNEfIFYo
2,2020-02-02-2020-02-09,UCoL0M9swO14BT8u9pTn9MvQ,uYQrkp48yeE,Avoiding Coronavirus with Wolfoo - Let&#39;s Wash Your Hands | Wolfoo Family Kids Cartoon,2020-02-07T09:37:40Z,3468515,15410,7388,0,781,Wolfoo Family,7180000,US,https://www.youtube.com/watch?v=uYQrkp48yeE
3,2020-02-02-2020-02-09,UCuFFtHWoLl5fauMMD5Ww2jA,kIL5m5XznNY,Get the facts on coronavirus,2020-02-02T00:11:45Z,3335480,39779,1683,3843,310,CBC News,2670000,CA,https://www.youtube.com/watch?v=kIL5m5XznNY
4,2020-02-02-2020-02-09,UC07-dOwgza1IguKA86jqxNA,bPITHEiFWLc,What can people do to protect themselves and others from getting the new coronavirus?,2020-02-05T20:13:57Z,2025312,4382,381,677,94,World Health Organization (WHO),699000,Unknown,https://www.youtube.com/watch?v=bPITHEiFWLc
5,2020-02-02-2020-02-09,UC6jEF1orhgER1Nsc174FwTg,Ma07a6svw5w,COVID-19: The Facts,2020-02-06T15:10:36Z,1944736,10531,797,446,72,3D4Medical From Elsevier,959000,Unknown,https://www.youtube.com/watch?v=Ma07a6svw5w
6,2020-02-02-2020-02-09,UC4SUWizzKc1tptprBkWjX2Q,Z_8LnnHMeG4,Coronavirus whistle-blower doctor Li Wenliang dies from the disease,2020-02-06T21:08:24Z,1772441,11431,492,2437,86,South China Morning Post,2270000,HK,https://www.youtube.com/watch?v=Z_8LnnHMeG4
7,2020-02-02-2020-02-09,UC4SUWizzKc1tptprBkWjX2Q,gNFeo5oOuJA,Wuhan: the city under coronavirus lockdown,2020-02-06T19:27:13Z,1489657,7706,529,1488,112,South China Morning Post,2270000,HK,https://www.youtube.com/watch?v=gNFeo5oOuJA
8,2020-02-02-2020-02-09,UCqFzWxSCi39LnW1JKFR3efg,a53NbzTxKg8,Weekend Update: Chen Biao on the Coronavirus - SNL,2020-02-02T07:08:06Z,1199773,15773,730,701,191,Saturday Night Live,12000000,US,https://www.youtube.com/watch?v=a53NbzTxKg8
9,2020-02-02-2020-02-09,UC16niRr50-MSBwiO3YDb3RA,y6iikPfpXl0,Coronavirus kills Chinese whistleblower doctor - BBC News,2020-02-07T10:02:54Z,1079198,11515,520,4090,711,BBC News,10200000,GB,https://www.youtube.com/watch?v=y6iikPfpXl0
10,2020-02-02-2020-02-09,UC4SUWizzKc1tptprBkWjX2Q,ZMPqQg23xhQ,China opens coronavirus hospital built in 10 days,2020-02-04T21:36:48Z,706071,4492,246,901,92,South China Morning Post,2270000,HK,https://www.youtube.com/watch?v=ZMPqQg23xhQ
11,2020-02-02-2020-02-09,UC07-dOwgza1IguKA86jqxNA,qF42gZVm1Bo,How is the new coronavirus affecting people who get it?,2020-02-05T20:13:57Z,604412,933,243,165,85,World Health Organization (WHO),699000,Unknown,https://www.youtube.com/watch?v=qF42gZVm1Bo
12,2020-02-02-2020-02-09,UCvg4_wSz4Cmo4xRPXaKU47A,AgZ2D5cy27Q,"Li Wenliang, le martyr du coronavirus - reportage #cdanslair 07.02.2020",2020-02-08T11:11:08Z,569999,2839,286,N/A,219,C dans l'air,281000,FR,https://www.youtube.com/watch?v=AgZ2D5cy27Q
13,2020-02-02-2020-02-09,UCfRZKrhLs6HbL5jEc3OL82w,9aHlFkatMIk,Comment les poumons reagissent au Coronavirus de la maladie Covid-19 ?,2020-02-05T16:07:18Z,409577,2624,159,385,131,Hopitaux Universitaires de Genève,146000,CH,https://www.youtube.com/watch?v=9aHlFkatMIk
14,2020-02-02-2020-02-09,UCWp2llZdBTyQ8pZVnXDcNNg,aOZvf5NOFHs,The new Novel Coronavirus Growing in Culture,2020-02-05T07:03:54Z,411181,N/A,N/A,N/A,79,HKUMed,2370,HK,https://www.youtube.com/watch?v=aOZvf5NOFHs
15,2020-02-02-2020-02-09,UC83jt4dlz1Gjl58fzQrrKZg,ZyZwtKJn-Ac,PM Lee urges Singapore to take courage amid coronavirus outbreak,2020-02-08T10:54:44Z,365713,5590,490,1303,532,CNA,1420000,SG,https://www.youtube.com/watch?v=ZyZwtKJn-Ac
16,2020-02-02-2020-02-09,UCMIgOXM2JEQ2Pv2d0_PVfcg,ccW5OPhkcfk,Tod vom Coronavirus-Arzt setzt Chinas Xi Jinping unter Druck | DW Nachrichten,2020-02-08T12:08:09Z,354555,2722,309,1025,552,DW Deutsch,619000,DE,https://www.youtube.com/watch?v=ccW5OPhkcfk
17,2020-02-02-2020-02-09,UCFPvnkCZbHfBvV8ApBBE0vA,aFPyYoGViZs,"Introduction to Coronaviruses (SARS, MERS, COVID-19): Hosts, Symptoms, History of SARS and MERS",2020-02-02T12:15:00Z,281359,3787,154,326,441,JJ Medicine,244000,CA,https://www.youtube.com/watch?v=aFPyYoGViZs
18,2020-02-02-2020-02-09,UCkIEEtcYxyshaVZ9ViNuAZA,ALQTdCYGISw,Professor Neil Ferguson on the current 2019-nCoV coronavirus outbreak.,2020-02-05T19:55:53Z,235462,2305,217,746,637,Jameel Institute,2710,GB,https://www.youtube.com/watch?v=ALQTdCYGISw
19,2020-02-02-2020-02-09,UCrQEBjyA199n3FYtiGWSm9A,5f_wieig4iQ,RT-qPCR for diagnosing COVID-19 (former 2019-nCoV),2020-02-06T17:00:50Z,203182,2400,60,180,663,PANDORA-ID-NET Consortium,1560,Unknown,https://www.youtube.com/watch?v=5f_wieig4iQ
20,2020-02-02-2020-02-09,UCF9IOB2TExg3QIBupFtBDxg,u7D3AoNdp84,Wuhan virus compared to MERS and SARS,2020-02-04T00:10:59Z,192609,4289,113,813,1648,Dr. John Campbell,979000,GB,https://www.youtube.com/watch?v=u7D3AoNdp84
21,2020-02-02-2020-02-09,UCc0dSDgzcm2BBVgfi63tIKg,2GWOii8yoeI,VOX vs Coronavirus,2020-02-06T22:07:24Z,187527,2984,527,574,258,Polònia TV3,105000,Unknown,https://www.youtube.com/watch?v=2GWOii8yoeI
22,2020-02-02-2020-02-09,UCfRZKrhLs6HbL5jEc3OL82w,_IiCS5r9gaU,Comment fonctionne le test de depistage du Coronavirus Covid-19 ?,2020-02-06T09:03:51Z,183912,979,77,121,110,Hopitaux Universitaires de Genève,146000,CH,https://www.youtube.com/watch?v=_IiCS5r9gaU
23,2020-02-02-2020-02-09,UCmRX5tKgzi32LzAvfTjx3gA,5PQbNtuYcIw,EsSalud: ?Que es el coronavirus?,2020-02-07T20:33:15Z,169908,1045,107,135,70,EsSalud Perú,29100,PE,https://www.youtube.com/watch?v=5PQbNtuYcIw
24,2020-02-02-2020-02-09,UC7c8mE90qCtu11z47U0KErg,g3SuLtXmn08,How scientists are fighting the coronavirus: A three minute guide,2020-02-07T21:08:21Z,125962,1698,63,200,230,nature video,569000,Unknown,https://www.youtube.com/watch?v=g3SuLtXmn08
25,2020-02-02-2020-02-09,UCUX6sby7ozwTTfd7fyEUk2w,hrbmbcMSGAE,Shanghai coronavirus vlog #5: Unmasking myths and riding the quiet Metro,2020-02-03T11:26:25Z,97351,781,84,81,182,Shanghai Daily,9760,CN,https://www.youtube.com/watch?v=hrbmbcMSGAE
26,2020-02-02-2020-02-09,UCeohrwR6-fO1EMk8FkJrlzw,cbd-oilmpdU,Novel Coronavirus Panel at the Johns Hopkins Bloomberg School of Public Health,2020-02-05T21:41:24Z,93173,615,106,0,1879,Johns Hopkins University,38400,Unknown,https://www.youtube.com/watch?v=cbd-oilmpdU
27,2020-02-02-2020-02-09,UCUX6sby7ozwTTfd7fyEUk2w,WRzAIrpsixg,Shanghai coronavirus vlog #4: Applying for face mask rations,2020-02-02T12:00:15Z,89586,300,103,8,165,Shanghai Daily,9760,CN,https://www.youtube.com/watch?v=WRzAIrpsixg
28,2020-02-02-2020-02-09,UCUX6sby7ozwTTfd7fyEUk2w,ro6t1qasuwk,Shanghai coronavirus vlog: Understanding Chinese media during an epidemic,2020-02-04T13:57:10Z,83646,312,84,6,308,Shanghai Daily,9760,CN,https://www.youtube.com/watch?v=ro6t1qasuwk
29,2020-02-02-2020-02-09,UCKjU3KzdbJE1EFcHVqXC3_g,kJG595x9gZs,Talking to kids about coronavirus outbreak,2020-02-06T03:38:24Z,50777,264,65,N/A,323,CBC News: The National,1120000,CA,https://www.youtube.com/watch?v=kJG595x9gZs
