,codingWeek,channelId,videoId,title,publishedAt,viewCount,likeCount,dislikeCount,commentCount,duration,channelTitle,subscriberCount,country,videoURL
0,2020-07-19-2020-07-26,UC3XTzVzaHQEd30rQbuvCtTQ,0b_eHBZLM6U,Coronavirus: Conspiracy Theories: Last Week Tonight with John Oliver (HBO),2020-07-20T06:30:00Z,10844271,251070,11431,34131,1339,LastWeekTonight,8710000,Unknown,https://www.youtube.com/watch?v=0b_eHBZLM6U
1,2020-07-19-2020-07-26,UCFvH-hGEKg2elZ7k-_5eQEg,unmyiQuAwSk,Juntos podemos contra el COVID-19,2020-07-23T21:59:01Z,5224768,N/A,N/A,N/A,31,CA Public Health,12500,US,https://www.youtube.com/watch?v=unmyiQuAwSk
2,2020-07-19-2020-07-26,UCSxY3aIGBg47WJASNYH6mUA,xTvd7oAEyhs,Home Care Tips For Mild COVID-19 Cases | Dr. Sushila Kataria,2020-07-20T10:00:32Z,3465198,73348,1554,5211,438,Medanta,183000,IN,https://www.youtube.com/watch?v=xTvd7oAEyhs
3,2020-07-19-2020-07-26,UCMtFAi84ehTSYSE9XoHefig,Lv0Tosgb0Ss,"A Desperate Trump Promises New Covid Strategy, Sends Bizarre Well Wishes To Ghislaine Maxwell",2020-07-23T03:50:00Z,2895021,44833,2196,6043,770,The Late Show with Stephen Colbert,8550000,Unknown,https://www.youtube.com/watch?v=Lv0Tosgb0Ss
4,2020-07-19-2020-07-26,UCwWhs_6x42TyRM4Wstoq8HA,adzFIpYCXfQ,"COVID-19 vs. Spanish Flu - If You Don&#39;t Know, Now You Know I The Daily Social Distancing Show",2020-07-24T13:13:40Z,2493327,58612,2277,7668,525,The Daily Show with Trevor Noah,9290000,US,https://www.youtube.com/watch?v=adzFIpYCXfQ
5,2020-07-19-2020-07-26,UCvJJ_dzjViJCoLf5uKUTwoA,NaYfoGwH33I,Why People Believe Covid-19 Conspiracies,2020-07-19T16:27:08Z,1494160,16082,6175,15111,1171,CNBC,2300000,Unknown,https://www.youtube.com/watch?v=NaYfoGwH33I
6,2020-07-19-2020-07-26,UCJEDFSxHHOW1PpBccdSxOTA,Ht6cjxghfqQ,Taarak Mehta Ka Ooltah Chashmah Shooting Resumes in Covid Backdrop | TMKOC Shooting Resumes,2020-07-23T14:08:09Z,1483191,18942,1246,413,260,IndianExpressOnline,865000,IN,https://www.youtube.com/watch?v=Ht6cjxghfqQ
7,2020-07-19-2020-07-26,UCfFw6wqd0GfHOp0R2fv8U1Q,KTjCKXW_sGg,COVID | As 3 fases da infeccao pelo coronavirus,2020-07-24T19:00:10Z,1009546,23941,968,1979,282,Dr. Felipe Ades MD PhD,87400,BR,https://www.youtube.com/watch?v=KTjCKXW_sGg
8,2020-07-19-2020-07-26,UCGBD7uXRwp_lb2Mpu2XupBQ,x2ipw0Mt6g8,COVID-19 Treatment &amp; Recovery at Home,2020-07-23T18:14:45Z,978334,6850,509,N/A,1457,SMHCS,7250,Unknown,https://www.youtube.com/watch?v=x2ipw0Mt6g8
9,2020-07-19-2020-07-26,UCTzf99EUGj8b843DRb3CJIw,H3yHYdbhjCk,Use of Pulse Oximeter in COVID patients | pls oksiimiittr kaa istemaal | HINDI | Dr.Maulik Shah MD,2020-07-22T03:00:02Z,904704,8163,814,279,503,GUJMOM TV,31600,IN,https://www.youtube.com/watch?v=H3yHYdbhjCk
10,2020-07-19-2020-07-26,UC0p5jTq6Xx_DosDFxVXnWaQ,0TImic4N1ko,Stockmarket v economy: the impact of covid-19 | The Economist,2020-07-24T14:00:27Z,789187,12552,488,1336,544,The Economist,1930000,GB,https://www.youtube.com/watch?v=0TImic4N1ko
11,2020-07-19-2020-07-26,UCMSsLqxqvZsNXi0Z-VjN89A,wEid0Hxt8mk,7 Tips for Flying and Traveling during COVID 19 ,2020-07-21T14:45:01Z,680575,16520,678,2108,852,Doctor Mike Hansen,668000,US,https://www.youtube.com/watch?v=wEid0Hxt8mk
12,2020-07-19-2020-07-26,UCUqetMbryrT0yMpokrUDJgg,jyl_JbRWR4A,"ASI PASO UN CAMION SANITIZANTE CONTRA EL COVID-19 EN JUCHITAN, OAXACA",2020-07-20T21:39:45Z,641801,5061,248,1427,91,Sin Censura TV,943000,Unknown,https://www.youtube.com/watch?v=jyl_JbRWR4A
13,2020-07-19-2020-07-26,UCH4BNI0-FOK2dMXoFtViWHw,npXP5wqNzaI,COVID-19 &amp; Mask Myths DEBUNKED!,2020-07-23T22:42:37Z,638651,35647,3086,9875,824,It's Okay To Be Smart,3780000,US,https://www.youtube.com/watch?v=npXP5wqNzaI
14,2020-07-19-2020-07-26,UCfFw6wqd0GfHOp0R2fv8U1Q,TNKZfSpBenI,COVID | Qual e o primeiro sintoma do coronavirus?,2020-07-24T13:00:14Z,623408,11957,360,676,163,Dr. Felipe Ades MD PhD,87400,BR,https://www.youtube.com/watch?v=TNKZfSpBenI
15,2020-07-19-2020-07-26,UCUBIrDsIVzRpKsClMlSlTpQ,WvEx-abn6yM,Las vacunas contra el coronavirus que estan mas avanzadas | BBC Mundo,2020-07-24T18:21:07Z,451091,14559,503,1422,383,BBC News Mundo,2250000,GB,https://www.youtube.com/watch?v=WvEx-abn6yM
16,2020-07-19-2020-07-26,UChwViNXKr-pdB8KjRnCNoRQ,Xl1rYxCUA_g,Por que el COVID-19 baja la saturacion de oxigeno? (oximetro de pulso),2020-07-22T04:07:05Z,363674,3817,251,419,429,Medizi,114000,BR,https://www.youtube.com/watch?v=Xl1rYxCUA_g
17,2020-07-19-2020-07-26,UClRF1TdXxornysnnlU0fPZQ,kb9Cg-NXp9M,Phong chong Covid-19 tren cac phuong tien cong cong,2020-07-19T05:05:44Z,351743,47,12,9,120,An Toan Giao Thong TPHCM,2370,VN,https://www.youtube.com/watch?v=kb9Cg-NXp9M
18,2020-07-19-2020-07-26,UC3S3UsD0bjJH4X3cMHJHooQ,SEEYEDMug8E,Nasopharyngeal Swab for COVID-19,2020-07-23T18:21:41Z,348394,N/A,N/A,0,180,UConn Health,3930,US,https://www.youtube.com/watch?v=SEEYEDMug8E
19,2020-07-19-2020-07-26,UCfFw6wqd0GfHOp0R2fv8U1Q,hBmwjSMhgeg,COVID | Como saber se estou curado do coronavirus?,2020-07-25T13:24:06Z,340750,9159,123,757,195,Dr. Felipe Ades MD PhD,87400,BR,https://www.youtube.com/watch?v=hBmwjSMhgeg
20,2020-07-19-2020-07-26,UClypnrTePPfvHHc1jCyOPiQ,AYihfE2B0Ew,Entrevista - Medico recuperado da covid-19 relata sintomas e periodo de recuperacao,2020-07-25T19:12:16Z,317681,9885,527,1165,507,Medicina & Saúde,118000,BR,https://www.youtube.com/watch?v=AYihfE2B0Ew
21,2020-07-19-2020-07-26,UCQfzgoCt72pQNpkvnHjNvog,UNCNM7AZPFg,How face coverings and masks minimise spreading coronavirus,2020-07-23T23:28:33Z,258497,453,35,N/A,110,The Conversation,8020,Unknown,https://www.youtube.com/watch?v=UNCNM7AZPFg
22,2020-07-19-2020-07-26,UCqVHGwQCmmGa2hjS7ydN4sQ,__ibCnTLvy0,?COMO IDENTIFICAR EL DIA 1[?] EN LA ENFERMEDAD COVID-19,2020-07-20T01:16:51Z,244422,5206,358,602,2898,Dr. Luis Antonio Pacora Camargo,497000,PE,https://www.youtube.com/watch?v=__ibCnTLvy0
23,2020-07-19-2020-07-26,UCF9IOB2TExg3QIBupFtBDxg,R3_wSU1JnTE,"Coronavirus, Long term immunity more likely",2020-07-20T18:47:33Z,231447,8086,175,2271,1419,Dr. John Campbell,979000,GB,https://www.youtube.com/watch?v=R3_wSU1JnTE
24,2020-07-19-2020-07-26,UCDCMjD1XIAsCZsYHNMGVcog,JDn5pwfRJ78,Diet Food To Boost Immunity Against Covid-19 Pandemic | V6 News,2020-07-22T09:51:00Z,215093,1364,129,68,736,V6 News Telugu,6570000,IN,https://www.youtube.com/watch?v=JDn5pwfRJ78
25,2020-07-19-2020-07-26,UCG-iSMVtWbbwDDXgXXypARQ,h7Sv_pS8MgQ,Coronavirus Update 98: Rapid COVID 19 Antigen Testing at Home - A Possible Breakthrough,2020-07-20T20:06:07Z,200076,5963,85,1089,1026,MedCram - Medical Lectures Explained CLEARLY,1100000,US,https://www.youtube.com/watch?v=h7Sv_pS8MgQ
26,2020-07-19-2020-07-26,UCK8f1CUe8y403u3b0gCINww,HiLdEaSOJN4,Oxford&#39;s scientists explain the Phase I/II results for the COVID-19 vaccine,2020-07-20T13:33:09Z,171071,2548,124,258,150,University of Oxford,235000,GB,https://www.youtube.com/watch?v=HiLdEaSOJN4
27,2020-07-19-2020-07-26,UCthbIFAxbXTTQEC7EcQvP1Q,LFimCCC-NG8,O que esta por tras dos casos de reinfeccao por covid-19,2020-07-21T19:30:00Z,170993,13434,168,827,595,BBC News Brasil,2130000,BR,https://www.youtube.com/watch?v=LFimCCC-NG8
28,2020-07-19-2020-07-26,UCZaT_X_mc0BI-djXOlfhqWQ,mi7pFfpWfyY,Coronavirus Is Devastating Navajo Nation,2020-07-20T18:55:45Z,164758,3492,182,1061,1761,VICE News,6450000,US,https://www.youtube.com/watch?v=mi7pFfpWfyY
29,2020-07-19-2020-07-26,UCG-iSMVtWbbwDDXgXXypARQ,tFXr14xmuGw,Coronavirus Pandemic Update 99: &quot;Long Haulers&quot; - Lingering &amp; Long-Term Symptoms After COVID-19,2020-07-23T18:33:16Z,145690,4402,71,885,1351,MedCram - Medical Lectures Explained CLEARLY,1100000,US,https://www.youtube.com/watch?v=tFXr14xmuGw
