,codingWeek,channelId,videoId,title,publishedAt,viewCount,likeCount,dislikeCount,commentCount,duration,channelTitle,subscriberCount,country,videoURL
0,2020-05-31-2020-06-07,UCNRppwzgbcSZs8B7Kd4iOKQ,iGMJBahJXCo,COVID-Safe #BacktoSchoolABCs,2020-06-01T12:31:32Z,1406382,2514,449,0,120,MSFCares,4430,SG,https://www.youtube.com/watch?v=iGMJBahJXCo
1,2020-05-31-2020-06-07,UC_Lnb8ZHqqgLbp-7hltuT9w,CDjM834YWrs,COVID-19: The Inside Story Of The Diamond Princess Coronavirus Infection | Outbreak Onboard,2020-06-06T12:00:06Z,1260015,10314,562,1882,2899,CNA Insider,811000,SG,https://www.youtube.com/watch?v=CDjM834YWrs
2,2020-05-31-2020-06-07,UCqnbDFdCpuN8CMEg0VuEBqA,a_58Q0H7KoI,Funeral Homes in Mexico Show Coronavirus' Hidden Death Toll | Coronavirus News,2020-06-05T13:30:00Z,1221711,9197,1935,1989,424,The New York Times,3510000,Unknown,https://www.youtube.com/watch?v=a_58Q0H7KoI
3,2020-05-31-2020-06-07,UCGn6a5SI8SNlj7WylmPD6GQ,lMr6TXWN5Pk,Akshay Kumar&#39;s awareness message for Coronavirus,2020-06-02T09:56:12Z,1026038,68512,3555,2785,91,PIB India,1370000,IN,https://www.youtube.com/watch?v=lMr6TXWN5Pk
4,2020-05-31-2020-06-07,UCqnbDFdCpuN8CMEg0VuEBqA,CCRiiBsnxkI,How India's Police Used a Pandemic to Boost Its Image | Coronavirus News,2020-06-01T23:00:02Z,1001393,8103,3277,2078,427,The New York Times,3510000,Unknown,https://www.youtube.com/watch?v=CCRiiBsnxkI
5,2020-05-31-2020-06-07,UCiMg06DjcUk5FRiM3g5sqoQ,2jGvVbfaLiQ,CDC COVID-19 Response Promising Practices in Health Equity,2020-06-03T18:04:47Z,774376,1702,3986,0,3829,Centers for Disease Control and Prevention (CDC),528000,US,https://www.youtube.com/watch?v=2jGvVbfaLiQ
6,2020-05-31-2020-06-07,UC07-dOwgza1IguKA86jqxNA,adB8RW4I3o4,How to wear a medical mask,2020-06-05T16:44:09Z,769023,2669,320,272,170,World Health Organization (WHO),699000,Unknown,https://www.youtube.com/watch?v=adB8RW4I3o4
7,2020-05-31-2020-06-07,UCTSCpezTD0TjiiAOuJY7f5w,9Zfqfv2uDsI,COVID-19: From Exposure to Feeling Better,2020-06-05T21:11:09Z,593517,3738,287,N/A,159,Washington State Department of Health,,Unknown,https://www.youtube.com/watch?v=9Zfqfv2uDsI
8,2020-05-31-2020-06-07,UCYAvRxM0ShTDUxkDpDPMPQQ,qR9s7oGMuNE,COVID-19 y ninos: como actuar,2020-06-01T12:54:59Z,482240,2961,427,373,152,CANAL ENFERMERO - Consejo General Enfermería,60700,ES,https://www.youtube.com/watch?v=qR9s7oGMuNE
9,2020-05-31-2020-06-07,UC_giJ3xlEL9jUF1YfJdzzuQ,5hu7_xIsCRg,An Introduction to COVID-19 Tests,2020-06-04T18:00:03Z,447524,N/A,N/A,N/A,168,U.S. Food and Drug Administration,78000,US,https://www.youtube.com/watch?v=5hu7_xIsCRg
10,2020-05-31-2020-06-07,UCzwZNwPALKkvafocMMzPffA,2PFT4KHWsWQ,What to expect when you go for a COVID-19 test,2020-06-04T00:15:36Z,447746,2101,243,N/A,199,AHSChannel,14000,CA,https://www.youtube.com/watch?v=2PFT4KHWsWQ
11,2020-05-31-2020-06-07,UCFaPzuoXcACu7jplePDfXmA,GHXKRk2WST8,Ce que nous avons appris du COVID-19 : des morts qui auraient pu etre evites?,2020-06-05T15:00:09Z,433279,N/A,N/A,N/A,793,IHU Méditerranée-Infection,423000,FR,https://www.youtube.com/watch?v=GHXKRk2WST8
12,2020-05-31-2020-06-07,UCnsvJeZO4RigQ898WdDNoBw,dev9OsZIYBI,#CORONAVIRUS | La batalla del Hospital Juarez de Mexico,2020-06-03T21:08:32Z,399729,2095,197,380,218,El País,1490000,ES,https://www.youtube.com/watch?v=dev9OsZIYBI
13,2020-05-31-2020-06-07,UCT4Jg8h03dD0iN3Pb5L0PMA,s7OCM0Zzx7o,El coronavirus azota a America Latina,2020-06-03T16:23:19Z,283838,3227,208,N/A,751,DW Español,1620000,DE,https://www.youtube.com/watch?v=s7OCM0Zzx7o
14,2020-05-31-2020-06-07,UCTT4fw0JLkiDJmEJs3rPdAg,rRJW1BibsdE,"Signs &amp; Symptoms of Covid-19 to look for in Children | Dr Sharmila K, Pediatrician, Apollo Hospitals",2020-06-02T11:37:16Z,222217,1317,104,86,101,apollohealthcityhyd,10500,IN,https://www.youtube.com/watch?v=rRJW1BibsdE
15,2020-05-31-2020-06-07,UCHOgtQ7wm3e_fdPPZnkkzYA,gvLA--hGU70,COVID-19: How to wear a non-medical mask or face covering properly,2020-06-02T19:50:44Z,89643,N/A,N/A,21,85,Healthy Canadians,8590,CA,https://www.youtube.com/watch?v=gvLA--hGU70
16,2020-05-31-2020-06-07,UC5Bh3Ljo71O9uML6paQVAfQ,wC3r4Lcm1Sw,SARS-CoV-2 - como interage com a celula,2020-06-04T17:23:12Z,57642,1837,22,115,931,Canal Butantan,52500,BR,https://www.youtube.com/watch?v=wC3r4Lcm1Sw
17,2020-05-31-2020-06-07,UCZJnqMUewKd2OdHOJmOKGgQ,3HmMaZmk_c8,COVID-19&#39;dan korunmaya yonelik tedbirler neden onemlidir?,2020-06-03T07:33:46Z,36258,384,10,50,228,T.C. Sağlık Bakanlığı,60800,TR,https://www.youtube.com/watch?v=3HmMaZmk_c8
18,2020-05-31-2020-06-07,UC_ClYrAtDNAGy5J0N-AwBNw,Xr3Ml0uHk_c,"COVID Illusion Crumbles With Floyd Contradiction, Unemployment Lie &amp; US Gov&#39;s &quot;New&quot; Religious War",2020-06-06T21:22:56Z,29178,2077,41,441,7973,The Last American Vagabond,102000,US,https://www.youtube.com/watch?v=Xr3Ml0uHk_c
19,2020-05-31-2020-06-07,UC5ADeLt8ckSBvfz0C47qbGQ,7EmCBqEBmfY,Coagulation and Clotting in COVID-19 - Disseminated Intravascular Coagulopathy (DIC),2020-06-01T13:15:00Z,28463,838,9,38,843,ICU Advantage,192000,US,https://www.youtube.com/watch?v=7EmCBqEBmfY
20,2020-05-31-2020-06-07,UC_ClYrAtDNAGy5J0N-AwBNw,B9_SKtMVO6Q,"MSM Is Creating A Race War To Hide The Revolution, As &quot;COVID&quot; Control Measures Forced In Everywhere",2020-05-31T20:51:54Z,25381,1771,46,471,7290,The Last American Vagabond,102000,US,https://www.youtube.com/watch?v=B9_SKtMVO6Q
21,2020-05-31-2020-06-07,UC_ClYrAtDNAGy5J0N-AwBNw,OT_dL8XeWmo,"Gates/Rockefeller &quot;COVID-19 National Testing Plan,&quot; Israel Bombs Syria &amp; The New Martial Law Normal",2020-06-05T00:54:01Z,22012,1618,28,153,9483,The Last American Vagabond,102000,US,https://www.youtube.com/watch?v=OT_dL8XeWmo
22,2020-05-31-2020-06-07,UCBTpmsvj4QNhnEh3WjJ8PGA,My5FZDmegfA,Consequences du COVID sur la sante mentale,2020-06-05T08:06:22Z,11507,N/A,N/A,N/A,452,Fondation FondaMental,8930,FR,https://www.youtube.com/watch?v=My5FZDmegfA
23,2020-05-31-2020-06-07,UCwd8fNhb8OPLPSNELSys9pg,m3sn2yK3tyc,COVID-19: Parents speak on allowing their children return to school | Legit TV,2020-05-31T11:15:58Z,11315,35,1,10,758,Legit TV,190000,NG,https://www.youtube.com/watch?v=m3sn2yK3tyc
24,2020-05-31-2020-06-07,UC_ClYrAtDNAGy5J0N-AwBNw,aCchhIfkGJE,Manufacturing a Race War To Hide The COVID Deception &amp; It&#39;s Budding Technocratic Control Structure,2020-06-01T22:51:08Z,8358,792,18,187,3139,The Last American Vagabond,102000,US,https://www.youtube.com/watch?v=aCchhIfkGJE
25,2020-05-31-2020-06-07,UC_ClYrAtDNAGy5J0N-AwBNw,odVb-ncmVVk,As Trillions Stolen Under a Guise Of COVID-19 They Aim To Pit Us Against Each Other - Don&#39;t Let Them,2020-06-01T23:49:50Z,8280,766,9,27,304,The Last American Vagabond,102000,US,https://www.youtube.com/watch?v=odVb-ncmVVk
26,2020-05-31-2020-06-07,UC_ClYrAtDNAGy5J0N-AwBNw,FB0IXO9CkMs,"Even As Their Own Data Reveals COVID-19 Same As Flu, The &quot;Counter-Measures&quot; Only Increase - WHY?",2020-06-01T23:27:07Z,5843,563,6,105,2149,The Last American Vagabond,102000,US,https://www.youtube.com/watch?v=FB0IXO9CkMs
27,2020-05-31-2020-06-07,UCypRrVWGRWa0UdEn-Z5LGLA,A1E0rhPpero,"KUCING BISA KENA COVID-19, TONTON SAMPAI HABIS!!! NO HOAX | TIPS MERAWAT KUCING",2020-05-31T12:00:05Z,207,21,0,8,574,CUMABAYU and Catkids!,885,ID,https://www.youtube.com/watch?v=A1E0rhPpero
28,2020-05-31-2020-06-07,UCL5pbjWTAwwGdunuzYQLTvQ,FmiuN17k-gQ,Covid-19: testagem ampliada,2020-06-03T20:54:00Z,176,N/A,N/A,N/A,126,Prefeitura de Araras,,BR,https://www.youtube.com/watch?v=FmiuN17k-gQ
