,codingWeek,channelId,videoId,title,publishedAt,viewCount,likeCount,dislikeCount,commentCount,duration,channelTitle,subscriberCount,country,videoURL
0,2020-04-12-2020-04-19,UCDGiCfCZIV5phsoGiPwIcyQ,NMre6IAAAiU,"[LIVE] Coronavirus Pandemic: Real Time Dashboard, World Maps, Charts, News",2020-04-17T12:57:56Z,220886842,333137,37784,0,0,Roylab Stats,844000,KR,https://www.youtube.com/watch?v=NMre6IAAAiU
1,2020-04-12-2020-04-19,UC3XTzVzaHQEd30rQbuvCtTQ,6s4Bx7mzNkM,Coronavirus IV: Last Week Tonight with John Oliver (HBO),2020-04-13T06:45:02Z,8634728,199150,7059,26676,1238,LastWeekTonight,8710000,Unknown,https://www.youtube.com/watch?v=6s4Bx7mzNkM
2,2020-04-12-2020-04-19,UCb4JB8-ZAeceuR7EPCPOPzg,bpXwOSHTwsY,Andrea Bocelli: Amazing Grace - Music For Hope (Live From Duomo di Milano),2020-04-16T14:00:09Z,4222837,93925,1289,3279,298,Andrea Bocelli,4610000,Unknown,https://www.youtube.com/watch?v=bpXwOSHTwsY
3,2020-04-12-2020-04-19,UCFaPzuoXcACu7jplePDfXmA,5gMj6r9t-F4,Coronavirus : Recul de l&#39;epidemie a Marseille,2020-04-14T10:40:03Z,1590590,N/A,N/A,N/A,713,IHU Méditerranée-Infection,423000,FR,https://www.youtube.com/watch?v=5gMj6r9t-F4
4,2020-04-12-2020-04-19,UCG5TBPANNSiKf1Dp-R5Dibg,UDqMDJOwuto,Covid-19: koronaavaayrs ke sNkrmnn se bcne aur imyuunittii bddh'aane ke lie khaaeN ye 5 ciijeN - Hindi,2020-04-17T05:03:54Z,1184539,10686,1180,279,223,Dr.G Bhanu Prakash Animated Medical Videos,458000,IN,https://www.youtube.com/watch?v=UDqMDJOwuto
5,2020-04-12-2020-04-19,UCKjU3KzdbJE1EFcHVqXC3_g,Q_17QI_Z5KI,Inside the fight against COVID-19,2020-04-14T02:29:14Z,1106274,7099,475,N/A,596,CBC News: The National,1120000,CA,https://www.youtube.com/watch?v=Q_17QI_Z5KI
6,2020-04-12-2020-04-19,UCqnbDFdCpuN8CMEg0VuEBqA,k6yeNYggdXI,&quot;I could see the fear in his eyes.&quot; What Battling Coronavirus Looks Like | NYT Opinion,2020-04-14T17:00:30Z,898598,15148,855,1794,378,The New York Times,3510000,Unknown,https://www.youtube.com/watch?v=k6yeNYggdXI
7,2020-04-12-2020-04-19,UCAuUUnT6oDeKwE6v1NGQxug,ldKtWp7jlHI,How the coronavirus pandemic is changing the world | Fareed Zakaria,2020-04-13T17:32:00Z,610992,7887,854,1369,1983,TED,19500000,US,https://www.youtube.com/watch?v=ldKtWp7jlHI
8,2020-04-12-2020-04-19,UCYPvAwZP8pZhSMW8qs7cVCw,aPUyeEovlOU,What Foods To Eat To Avoid Coronavirus | NewsMo,2020-04-15T16:22:59Z,531181,4317,199,145,264,India Today,4770000,IN,https://www.youtube.com/watch?v=aPUyeEovlOU
9,2020-04-12-2020-04-19,UCpNnv_kL4Jk8YG_VflnZpmg,8cIhYlwNp8A,6 consejos para enfrentar el estres ante la pandemia por COVID-19,2020-04-17T20:44:51Z,474330,3517,252,396,153,PAHO TV,,US,https://www.youtube.com/watch?v=8cIhYlwNp8A
10,2020-04-12-2020-04-19,UCiMg06DjcUk5FRiM3g5sqoQ,V9p10jSLd9s,Answering 20 Questions about COVID-19,2020-04-14T21:14:44Z,416606,1878,326,0,3519,Centers for Disease Control and Prevention (CDC),528000,US,https://www.youtube.com/watch?v=V9p10jSLd9s
11,2020-04-12-2020-04-19,UCw3SYO_euO0TSPC_m_0Pzgw,rRMkEDwJxbU,"The Science Behind the Coronavirus, Series II",2020-04-13T13:30:42Z,391902,3194,290,391,5094,Los Angeles Times,458000,US,https://www.youtube.com/watch?v=rRMkEDwJxbU
12,2020-04-12-2020-04-19,UC9ORzYuIhR5gBQ1unLACgpg,PYglSVc4nuo,Entender el COVID-19 y como protegerse,2020-04-14T20:15:25Z,240591,1929,265,288,645,UpToDate,7830,US,https://www.youtube.com/watch?v=PYglSVc4nuo
13,2020-04-12-2020-04-19,UCG-iSMVtWbbwDDXgXXypARQ,8NffZAGELGg,Coronavirus Pandemic Update 55: How COVID-19 Infection Attacks The Immune System &amp; Differs From HIV,2020-04-14T17:52:39Z,218326,5375,102,740,669,MedCram - Medical Lectures Explained CLEARLY,1100000,US,https://www.youtube.com/watch?v=8NffZAGELGg
14,2020-04-12-2020-04-19,UCo1zEN0d8lsrm1LV4n8eLVw,sP4KpMmC2cI,SIGNOS DE ALARMA DE COVID 19,2020-04-16T21:12:34Z,177124,1134,103,159,189,Telesalud Minsa Telecapacitaciones,93200,PE,https://www.youtube.com/watch?v=sP4KpMmC2cI
15,2020-04-12-2020-04-19,UCVTx7AHcRM8auQ68PLDwrjA,ZnPPHskkzDI,Charla Manejo de estres y ansiedad en tiempos de Coronavirus Covid-19 - Clinica Alemana,2020-04-14T02:00:09Z,173778,2202,116,0,2377,Clínica Alemana,103000,CL,https://www.youtube.com/watch?v=ZnPPHskkzDI
16,2020-04-12-2020-04-19,UCrtd2wePvAl6RN_D-9jWVQQ,W9YFXo84lCk,COVID-19 Insights: Quercetin as Zinc Ionophore and COVID-19 Outpatient Management,2020-04-12T13:49:19Z,166298,3464,107,1170,2661,Drbeen Medical Lectures,311000,US,https://www.youtube.com/watch?v=W9YFXo84lCk
17,2020-04-12-2020-04-19,UCGINcKuFbysZAslgL46KeOA,948mT8WKDqk,The Impact of COVID-19 on the Global Economy. Raghuram Rajan Virtual Harper Lecture,2020-04-16T17:29:55Z,144816,2134,93,177,3730,The University of Chicago,76600,US,https://www.youtube.com/watch?v=948mT8WKDqk
18,2020-04-12-2020-04-19,UC6awebmNxJRT3gIMJcQgXjw,GznkPJ6MjBw,#COVID 19. Detenidas dos personas por ocupar varias viviendas vacias.,2020-04-13T14:30:01Z,68158,991,61,N/A,102,Guardia Civil,91500,ES,https://www.youtube.com/watch?v=GznkPJ6MjBw
19,2020-04-12-2020-04-19,UC6awebmNxJRT3gIMJcQgXjw,s0Jkoz_efFE,#COVID 19 Sorprendidos por el #dron de la #GuardiaCivil en la plaza de un pueblo de #Navarra,2020-04-13T11:00:32Z,60656,903,124,N/A,94,Guardia Civil,91500,ES,https://www.youtube.com/watch?v=s0Jkoz_efFE
20,2020-04-12-2020-04-19,UCKSWU_kU0hEHtTLMnbNsieA,2RD_oc4_gjY,Valio mad%#  El CORONAVIRUS es real!,2020-04-16T19:30:12Z,56702,1665,67,253,1014,MotoCancun,35800,MX,https://www.youtube.com/watch?v=2RD_oc4_gjY
21,2020-04-12-2020-04-19,UC6awebmNxJRT3gIMJcQgXjw,I_HucwtDBE0,#COVID 19. Denunciadas tres personas: una por coger setas y las otras dos por marisqueo furtivo.,2020-04-12T13:00:07Z,53193,350,38,N/A,148,Guardia Civil,91500,ES,https://www.youtube.com/watch?v=I_HucwtDBE0
22,2020-04-12-2020-04-19,UCZZ2tOyICABoDsExUuz9n7A,EWqGRDTah7k,Dr. Jason Chiriano Covid 19 Update,2020-04-15T01:06:02Z,50207,5,0,2,1775,Dr. Patrick Porter,1590,US,https://www.youtube.com/watch?v=EWqGRDTah7k
23,2020-04-12-2020-04-19,UCE4a1o3GMKCRSgHflXqZs8Q,9csvnEpeSrI,COV-Ed: The Importance of Physical Distancing During the COVID-19 Pandemic.,2020-04-15T18:40:38Z,48309,239,12,30,160,UBC Medicine - Educational Media,146000,CA,https://www.youtube.com/watch?v=9csvnEpeSrI
24,2020-04-12-2020-04-19,UCLomq2s0gYYEx_gNbbKyCKg,2t1MW4CsVnE,Penanganan Jalan Nafas Pada Pasien Covid 19,2020-04-12T08:02:49Z,45793,341,25,27,648,Kanal RSHS,11400,ID,https://www.youtube.com/watch?v=2t1MW4CsVnE
25,2020-04-12-2020-04-19,UCxh_zFUyGTadP_rTjYbhuzA,kRU1dg52N5Q,El presidente Alejandro Giammattei anuncio nuevas medidas que buscan contener el COVID-19,2020-04-13T01:49:45Z,41670,795,46,269,2367,Telediario,159000,GT,https://www.youtube.com/watch?v=kRU1dg52N5Q
26,2020-04-12-2020-04-19,UCiMg06DjcUk5FRiM3g5sqoQ,fpi7B6Z2sF0,Cuidar a alguien con COVID-19,2020-04-17T14:50:14Z,41515,358,22,0,105,Centers for Disease Control and Prevention (CDC),528000,US,https://www.youtube.com/watch?v=fpi7B6Z2sF0
27,2020-04-12-2020-04-19,UC6awebmNxJRT3gIMJcQgXjw,xKo9dhGGRkc,#COVID 19. Siete denunciados en #La Rioja mientras hacian una barbacoa al aire libre.,2020-04-15T12:03:04Z,36017,399,45,N/A,61,Guardia Civil,91500,ES,https://www.youtube.com/watch?v=xKo9dhGGRkc
28,2020-04-12-2020-04-19,UC6awebmNxJRT3gIMJcQgXjw,1fmf9RYqp-o,#COVID 19. Denunciados por celebrar una fiesta y por realizar disparos en la via publica,2020-04-16T11:07:15Z,33683,512,41,N/A,112,Guardia Civil,91500,ES,https://www.youtube.com/watch?v=1fmf9RYqp-o
29,2020-04-12-2020-04-19,UC6awebmNxJRT3gIMJcQgXjw,2KvOpNCYr4g,#COVID 19. #Detenido un varon por saltarse el confinamiento para hacer #derrapes con su coche.,2020-04-14T14:00:00Z,33322,483,39,N/A,82,Guardia Civil,91500,ES,https://www.youtube.com/watch?v=2KvOpNCYr4g
