,codingWeek,channelId,videoId,title,publishedAt,viewCount,likeCount,dislikeCount,commentCount,duration,channelTitle,subscriberCount,country,videoURL
0,2020-05-17-2020-05-24,UC3XTzVzaHQEd30rQbuvCtTQ,z4gBMw64aqk,Coronavirus VII: Sports: Last Week Tonight with John Oliver (HBO),2020-05-18T06:30:08Z,7502110,174160,6124,18726,1306,LastWeekTonight,8710000,Unknown,https://www.youtube.com/watch?v=z4gBMw64aqk
1,2020-05-17-2020-05-24,UCVTyTA7-g9nopHeHbeuvpRA,5LBSZnZ2BbY,Obama Speaks Out About Trump's Coronavirus Failures: A Closer Look,2020-05-19T03:30:00Z,3732038,48472,2404,8877,887,Late Night with Seth Meyers,4180000,US,https://www.youtube.com/watch?v=5LBSZnZ2BbY
2,2020-05-17-2020-05-24,UCXmtnbNO7_no7RekfUIqVcw,zCqo7MhQT6U,How to take a coronavirus self-test swab,2020-05-22T16:28:32Z,3399943,12309,1124,0,303,Department of Health and Social Care,15500,GB,https://www.youtube.com/watch?v=zCqo7MhQT6U
3,2020-05-17-2020-05-24,UCSwXe2WReWhNdjKRTh92b9g,uJTaCl5gNOc,IVERMECTINA COVID 19,2020-05-17T17:53:24Z,2654913,59232,1888,4455,797,Dr. Veller,582000,AR,https://www.youtube.com/watch?v=uJTaCl5gNOc
4,2020-05-17-2020-05-24,UCqnbDFdCpuN8CMEg0VuEBqA,EsqdBz-_noQ,Inside One of New York's Deadliest Zip Codes | Coronavirus News,2020-05-22T17:00:11Z,1553452,19582,2236,3913,778,The New York Times,3510000,Unknown,https://www.youtube.com/watch?v=EsqdBz-_noQ
5,2020-05-17-2020-05-24,UChFsYLqPUyLiZnfRog6wiZA,EQ-ATT_Cd6M,Why We Might Not Need A Vaccine for COVID-19 | This Morning,2020-05-19T10:59:09Z,1427281,11672,1510,N/A,533,This Morning,2020000,GB,https://www.youtube.com/watch?v=EQ-ATT_Cd6M
6,2020-05-17-2020-05-24,UCYpRDnhk5H8h16jpS84uqsA,cziuxZePCRk,Le coronavirus sort-il d'un laboratoire ? Ep. 1 : la these du virus artificiel,2020-05-17T09:00:24Z,885471,19250,1520,3521,711,Le Monde,1050000,FR,https://www.youtube.com/watch?v=cziuxZePCRk
7,2020-05-17-2020-05-24,UCxhDBhx2j1R0_tsXuJTmplA,0ztF-419fac,Antibody Testing: IgG and IgM explained,2020-05-22T23:06:33Z,720204,4699,173,N/A,169,Beckman Coulter Dx,7240,US,https://www.youtube.com/watch?v=0ztF-419fac
8,2020-05-17-2020-05-24,UCVxAirLqIXKP2ttE2-5DZ3Q,fCPLdg4sgLo,Sintomas Graves do Coronavirus (Covid-19) em JOVENS | IMEB,2020-05-19T16:03:22Z,560133,16324,398,1273,155,Clínica IMEB,206000,BR,https://www.youtube.com/watch?v=fCPLdg4sgLo
9,2020-05-17-2020-05-24,UCHpw8xwDNhU9gdohEcJu4aA,J6CPQB0VGlk,Pandemic funerals: inside a mortuary during coronavirus,2020-05-18T11:00:00Z,411097,2172,187,408,596,The Guardian,1660000,GB,https://www.youtube.com/watch?v=J6CPQB0VGlk
10,2020-05-17-2020-05-24,UCWo4IA01TXzBeGJJKWHOG9g,RK2IfGPSqO0,Understanding the Economic Shock of the Covid-19 Crisis,2020-05-21T16:15:01Z,361918,6906,268,369,258,Harvard Business Review,308000,US,https://www.youtube.com/watch?v=RK2IfGPSqO0
11,2020-05-17-2020-05-24,UCftwRNsjfRo08xYE31tkiyw,FYQz4QvYEXA,Diary of a Covid-19 Doctor: 14 Days in a NYC Hospital | WIRED,2020-05-22T17:38:04Z,357869,9319,351,791,891,WIRED,7780000,US,https://www.youtube.com/watch?v=FYQz4QvYEXA
12,2020-05-17-2020-05-24,UC-Nnu2-eKA0aRYrCSx3kHDQ,aBoaCHKJKd8,Life of a COVID-19 Nurse at Harborview's ICU | UW Medicine,2020-05-22T23:44:37Z,287481,4258,114,522,343,UW Medicine,22700,US,https://www.youtube.com/watch?v=aBoaCHKJKd8
13,2020-05-17-2020-05-24,UCN8KRR3lwM9nt7m0a8zoHgA,Dp57uBYoqvs,COVID-19 07 Periodo de incubacion y transmision,2020-05-18T13:38:55Z,268992,1222,185,239,453,Sociedad Española de Medicina de Urgencias y Emergencias - SEMES -,6730,ES,https://www.youtube.com/watch?v=Dp57uBYoqvs
14,2020-05-17-2020-05-24,UC_gUM8rL-Lrg6O3adPW9K1g,SfshvyQe5y0,WION Wideangle: The story of the Wuhan Virus | WION News | COVID-19 Pandemic,2020-05-17T18:39:38Z,266293,5398,252,787,1584,WION,2740000,IN,https://www.youtube.com/watch?v=SfshvyQe5y0
15,2020-05-17-2020-05-24,UCP391YRAjSOdM_bwievgaZA,VIM7AfB9v4Q,Anestesiologista explica a necessidade e os riscos de intubacao pela Covid-19,2020-05-21T17:30:14Z,254649,3802,151,627,430,Jovem Pan News,3450000,BR,https://www.youtube.com/watch?v=VIM7AfB9v4Q
16,2020-05-17-2020-05-24,UCFwzWrk8u5ycjhmgpSeQ_Yg,3kY05O13FXc,Self-swab COVID-19 testing at CVS Pharmacy locations,2020-05-20T20:08:17Z,188307,438,95,255,83,CVS Health,24200,US,https://www.youtube.com/watch?v=3kY05O13FXc
17,2020-05-17-2020-05-24,UC07-dOwgza1IguKA86jqxNA,yEIPefMsf70,WHO: A global response to a global pandemic,2020-05-18T10:55:52Z,177497,759,570,295,115,World Health Organization (WHO),699000,Unknown,https://www.youtube.com/watch?v=yEIPefMsf70
18,2020-05-17-2020-05-24,UCTrQ7HXWRRxr7OsOtodr2_w,IqfW1t_gvRY,Inside a hospital coronavirus unit fighting to save sickest patients,2020-05-18T18:26:59Z,118899,963,60,259,518,Channel 4 News,1670000,GB,https://www.youtube.com/watch?v=IqfW1t_gvRY
19,2020-05-17-2020-05-24,UC83jt4dlz1Gjl58fzQrrKZg,rIHPTIMdGW8,COVID-19: Singapore outlines 3 phases for safe reopening after circuit breaker | Full presser,2020-05-19T15:47:25Z,115598,453,222,384,5885,CNA,1420000,SG,https://www.youtube.com/watch?v=rIHPTIMdGW8
20,2020-05-17-2020-05-24,UC70Ar3JfVjxQB83_tjViJIQ,ufNAGa-TIUQ,PROTOCOLO DENTAL DE BIOSEGURIDAD COVID-19 -ROMANDENT. Mayo 2020,2020-05-21T18:43:43Z,111922,1093,124,254,554,Dr. Javier Roman S.,10000,PE,https://www.youtube.com/watch?v=ufNAGa-TIUQ
21,2020-05-17-2020-05-24,UC5ADeLt8ckSBvfz0C47qbGQ,EyDjdsnC-Cs,Treatment with Remdesivir for COVID-19,2020-05-18T13:45:14Z,80007,1413,50,244,1263,ICU Advantage,192000,US,https://www.youtube.com/watch?v=EyDjdsnC-Cs
22,2020-05-17-2020-05-24,UC8vwN4Sju7ER6KZzDADBKBQ,Gza1b3oVhMw,COVID-19 Conspiracy Theories DEBUNKED / Episode 18 - The Medical Futurist,2020-05-20T15:45:58Z,73977,1301,495,685,963,The Medical Futurist,50400,HU,https://www.youtube.com/watch?v=Gza1b3oVhMw
23,2020-05-17-2020-05-24,UCoUxsWakJucWg46KW5RsvPw,EOtBf5U-3d8,The rise and fall of global trade: the Romans to Covid-19 | FT Trade Secrets,2020-05-18T08:19:22Z,72522,1317,209,188,609,Financial Times,574000,GB,https://www.youtube.com/watch?v=EOtBf5U-3d8
24,2020-05-17-2020-05-24,UCF9FvGKG91xLcpwbNx4MMvA,6lJQ123_4e8,All about Coronavirus: A Video for Kids and Their Families | Michigan Public Health,2020-05-21T14:27:00Z,70605,430,24,N/A,152,University of Michigan School of Public Health,3050,US,https://www.youtube.com/watch?v=6lJQ123_4e8
25,2020-05-17-2020-05-24,UCyoGb3SMlTlB8CLGVH4c8Rw,Vpc2OLDWt9U,Mas muertes por COVID-19 en Italia que las publicadas,2020-05-21T13:53:16Z,68566,536,50,129,90,euronews (en español),1320000,ES,https://www.youtube.com/watch?v=Vpc2OLDWt9U
26,2020-05-17-2020-05-24,UCUVwzlL8j71f0dz9jKru75g,8PoYgH0yNEo,COVID-19: Inicios de una pandemia,2020-05-20T18:00:10Z,62448,669,46,68,459,RevistaMSP,29000,PR,https://www.youtube.com/watch?v=8PoYgH0yNEo
27,2020-05-17-2020-05-24,UCT4Jg8h03dD0iN3Pb5L0PMA,wIpgbYzUxes,Especial Coronavirus: africa se enfrenta a la pandemia,2020-05-18T16:39:34Z,55130,833,52,N/A,751,DW Español,1620000,DE,https://www.youtube.com/watch?v=wIpgbYzUxes
28,2020-05-17-2020-05-24,UC36Nlm8ikeZ4tDRx__BjJnA,UEFaRSC31SM,"COVID-19: What Joint Pain Patients Should Know featuring Chris Travers, MD",2020-05-20T15:32:20Z,47376,166,9,60,448,Penn Medicine,34700,US,https://www.youtube.com/watch?v=UEFaRSC31SM
29,2020-05-17-2020-05-24,UCprcipiXNXTzJYJfN02rHsA,ny4NivhjHAQ,"Covid-19 Update: Epidemiology, Treatments and Vaccines, Clotting, &amp; the New Pediatric Syndrome",2020-05-22T03:31:56Z,45620,N/A,N/A,67,6218,UCSF School of Medicine,22800,US,https://www.youtube.com/watch?v=ny4NivhjHAQ
