,codingWeek,channelId,videoId,title,publishedAt,viewCount,likeCount,dislikeCount,commentCount,duration,channelTitle,subscriberCount,country,videoURL
0,2020-01-26-2020-02-02,UCP0uG-mcMImgKnJz-VjJZmQ,jjH6v95z3Nw,Manorama News LIVE TV | mnoorm nyuus laiv | Malayalam News | Kerala Covid News | Covid Updates,2020-01-27T05:05:51Z,361435973,382885,111872,0,0,Manorama News,5210000,IN,https://www.youtube.com/watch?v=jjH6v95z3Nw
1,2020-01-26-2020-02-02,UCC552Sd-3nyi_tk2BudLUzA,OTYfke545vI,What Actually Happens If You Get Coronavirus?,2020-01-30T06:24:32Z,12664904,440238,13171,33052,507,AsapSCIENCE,9670000,Unknown,https://www.youtube.com/watch?v=OTYfke545vI
2,2020-01-26-2020-02-02,UC4SUWizzKc1tptprBkWjX2Q,V14W8A73XW0,China coronavirus: Chinese man 'flees' after leaving face masks for police officers,2020-01-29T16:00:07Z,12657253,155869,3976,13241,64,South China Morning Post,2270000,HK,https://www.youtube.com/watch?v=V14W8A73XW0
3,2020-01-26-2020-02-02,UCTrQ7HXWRRxr7OsOtodr2_w,luztqxUBvZo,Inside Wuhan: Daily life in China&#39;s coronavirus quarantine zone,2020-01-26T17:23:42Z,9873259,116091,4534,25036,471,Channel 4 News,1670000,GB,https://www.youtube.com/watch?v=luztqxUBvZo
4,2020-01-26-2020-02-02,UCG-iSMVtWbbwDDXgXXypARQ,okg7uq_HrhQ,How Coronavirus Kills: Acute Respiratory Distress Syndrome (ARDS) &amp; COVID 19 Treatment,2020-01-29T01:17:08Z,4260419,59035,2002,5120,665,MedCram - Medical Lectures Explained CLEARLY,1100000,US,https://www.youtube.com/watch?v=okg7uq_HrhQ
5,2020-01-26-2020-02-02,UCh6hwsopUbwGGXMRkTFkq2A,1eo2rmFPOtQ,Coronavirus Awareness | Lifebuoy Bangladesh,2020-01-29T10:52:02Z,3579885,2102,1350,5,20,Lifebuoy Bangladesh,45700,BD,https://www.youtube.com/watch?v=1eo2rmFPOtQ
6,2020-01-26-2020-02-02,UC4SUWizzKc1tptprBkWjX2Q,UoErujrHgAI,Coronavirus: how China builds two hospitals at top speed at the heart of the virus outbreak,2020-01-29T04:02:58Z,2590235,18422,872,3620,145,South China Morning Post,2270000,HK,https://www.youtube.com/watch?v=UoErujrHgAI
7,2020-01-26-2020-02-02,UC55-mxUj5Nj3niXFReG44OQ,cIU_rUNV-vI,Coronavirus ?nace en China una amenaza mundial?,2020-01-30T23:46:20Z,2479534,26778,2937,1824,1537,Platzi,1200000,MX,https://www.youtube.com/watch?v=cIU_rUNV-vI
8,2020-01-26-2020-02-02,UCAR3h_9fLV82N2FH4cE4RKw,IvpMn6pwqH4,Brahmam Gari Kalagnanam on Coronavirus China in Telugu | Mass Mallanna News | TV5 News,2020-01-30T05:52:46Z,2429946,24378,2231,1365,140,TV5 News ,2760000,IN,https://www.youtube.com/watch?v=IvpMn6pwqH4
9,2020-01-26-2020-02-02,UCzznO4xSV8BKnUBPyswtCUw,0YOVPIQuvAw,"213 dead, 9,692 cases of coronavirus confirmed in China",2020-01-31T03:58:30Z,2189582,10294,828,2722,183,Arirang News,513000,US,https://www.youtube.com/watch?v=0YOVPIQuvAw
10,2020-01-26-2020-02-02,UCG-iSMVtWbbwDDXgXXypARQ,UCG3xqtcL3c,"Coronavirus Symptoms, Diagnosis, Treatment, &amp; Vaccine Status (Recorded January 27, 2020)",2020-01-27T13:15:01Z,1850222,14465,863,1380,273,MedCram - Medical Lectures Explained CLEARLY,1100000,US,https://www.youtube.com/watch?v=UCG3xqtcL3c
11,2020-01-26-2020-02-02,UCl8wUKzoUVzg7U6ky1ZR8hQ,-Tr2UnQ6zj0,"India phuNc gyaa hai China se phailaa Coronavirus, jaanie iske saare Symptoms aur Prevention ke saare upaay",2020-01-30T14:22:15Z,1821750,33785,1800,1590,261,Navbharat Times नवभारत टाइम्स,3820000,IN,https://www.youtube.com/watch?v=-Tr2UnQ6zj0
12,2020-01-26-2020-02-02,UCTrQ7HXWRRxr7OsOtodr2_w,D4vFj5GsBnE,Inside Wuhan: Q&amp;A from China Coronavirus lockdown,2020-01-29T12:18:52Z,1494948,27954,1479,6302,872,Channel 4 News,1670000,GB,https://www.youtube.com/watch?v=D4vFj5GsBnE
13,2020-01-26-2020-02-02,UC4SUWizzKc1tptprBkWjX2Q,t_PSSTP8ROg,"Wuhan residents chant 'Keep it up, Wuhan' out of their windows to boost morale",2020-01-28T13:17:42Z,1333790,34310,878,5301,75,South China Morning Post,2270000,HK,https://www.youtube.com/watch?v=t_PSSTP8ROg
14,2020-01-26-2020-02-02,UCGMWT3CM6uMuuRSOIYITeLw,KFfNwdguK4o,Elodie Poux - Le Coronavirus - LRDP (27/01/2020),2020-01-31T17:34:49Z,1227927,12333,477,201,443,Elodie Poux,30100,FR,https://www.youtube.com/watch?v=KFfNwdguK4o
15,2020-01-26-2020-02-02,UCIPnCyTWcKHe-C-_mtG0GmA,T9_4XKbNk34,"Covid-19,  coronavirus , drone shots cctv footage, present situation, Wuhan secrets",2020-02-01T10:30:36Z,1221364,12388,516,1047,379,MRJ inspire,139000,LK,https://www.youtube.com/watch?v=T9_4XKbNk34
16,2020-01-26-2020-02-02,UC4SUWizzKc1tptprBkWjX2Q,A4qwCWwC-Oo,Coronavirus: Doctor explains the proper way to wash your hands and put on a face mask,2020-01-30T05:45:55Z,1142099,11448,437,935,153,South China Morning Post,2270000,HK,https://www.youtube.com/watch?v=A4qwCWwC-Oo
17,2020-01-26-2020-02-02,UCTrQ7HXWRRxr7OsOtodr2_w,EeaXmutcDjo,Inside Wuhan: Cooking and celebrating birthday in Coronavirus lockdown,2020-01-28T17:59:01Z,1037043,23543,705,5532,414,Channel 4 News,1670000,GB,https://www.youtube.com/watch?v=EeaXmutcDjo
18,2020-01-26-2020-02-02,UCF9IOB2TExg3QIBupFtBDxg,aPvpfC7NfR0,Coronavirus,2020-01-26T23:54:52Z,1024806,16558,465,2536,1736,Dr. John Campbell,979000,GB,https://www.youtube.com/watch?v=aPvpfC7NfR0
19,2020-01-26-2020-02-02,UCG-iSMVtWbbwDDXgXXypARQ,9vMXSkKLg2I,"Coronavirus Outbreak - Transmission &amp; Updates Explained (Recorded January 26, 2020)",2020-01-27T02:55:26Z,995197,11555,491,1977,396,MedCram - Medical Lectures Explained CLEARLY,1100000,US,https://www.youtube.com/watch?v=9vMXSkKLg2I
20,2020-01-26-2020-02-02,UCTrQ7HXWRRxr7OsOtodr2_w,9GhJ6dSTnVo,Inside Wuhan: Ben travels to airport for evacuation from coronavirus epicentre,2020-01-31T00:00:57Z,831124,11520,361,2150,191,Channel 4 News,1670000,GB,https://www.youtube.com/watch?v=9GhJ6dSTnVo
21,2020-01-26-2020-02-02,UCF9IOB2TExg3QIBupFtBDxg,RECcmQQQOj8,"Coronavirus, Protect yourself and family",2020-01-28T12:23:59Z,705114,17471,428,2709,697,Dr. John Campbell,979000,GB,https://www.youtube.com/watch?v=RECcmQQQOj8
22,2020-01-26-2020-02-02,UCQQn5yWShcFfjmE0YwGjkhQ,4l02Sl42-K8,Que es el coronavirus y que sintomas causa el coronavirus,2020-01-26T03:20:31Z,605438,6180,500,522,151,Tuvi Digital,118000,CO,https://www.youtube.com/watch?v=4l02Sl42-K8
23,2020-01-26-2020-02-02,UC5NOEUbkLheQcaaRldYW5GA,Vi2BOAIxZGY,Coronavirus erstmals in Deutschland nachgewiesen,2020-01-28T11:06:25Z,599482,12224,549,N/A,554,tagesschau,973000,DE,https://www.youtube.com/watch?v=Vi2BOAIxZGY
24,2020-01-26-2020-02-02,UCTrQ7HXWRRxr7OsOtodr2_w,b-2jNgjLCyY,Inside Wuhan: Evacuation plans and apartment tour from Coronavirus quarantine,2020-01-30T16:00:10Z,555996,12956,384,2521,497,Channel 4 News,1670000,GB,https://www.youtube.com/watch?v=b-2jNgjLCyY
25,2020-01-26-2020-02-02,UCvl8mk9dKfhidf8oVhYkaOg,Atrx1P2EkiQ,Vaccines and the Immune Response: How Vaccines Work,2020-01-30T15:32:10Z,555948,5288,266,121,217,Mechanisms in Medicine,116000,CA,https://www.youtube.com/watch?v=Atrx1P2EkiQ
26,2020-01-26-2020-02-02,UCG-iSMVtWbbwDDXgXXypARQ,nW3xqcGidpQ,"Coronavirus Epidemic Update 7: Global Health Emergency Declared, Viral Shedding (Rec. Jan 31, 2020)",2020-01-31T09:16:58Z,464335,8860,227,1969,722,MedCram - Medical Lectures Explained CLEARLY,1100000,US,https://www.youtube.com/watch?v=nW3xqcGidpQ
27,2020-01-26-2020-02-02,UCvg4_wSz4Cmo4xRPXaKU47A,58PNq8lev9U,"Reportage a Wuhan, epicentre du coronavirus #cdanslair 25.01.2020",2020-01-27T10:15:02Z,441590,1571,210,N/A,234,C dans l'air,281000,FR,https://www.youtube.com/watch?v=58PNq8lev9U
28,2020-01-26-2020-02-02,UCsa3H2gvWgP5mm4OUcu7rLA,CVhcJLaG5u8,Wu Yi Feng Cheng Di Ba Tian /Wuhan Quarantine Closing Day 8,2020-01-30T07:09:41Z,415869,5439,237,2347,630,涛鸡公,,HK,https://www.youtube.com/watch?v=CVhcJLaG5u8
29,2020-01-26-2020-02-02,UCfRZKrhLs6HbL5jEc3OL82w,-tqQzQSKiEg,Nouveau coronavirus: realite et incertitudes,2020-01-28T14:15:33Z,338746,3073,162,N/A,1374,Hopitaux Universitaires de Genève,146000,CH,https://www.youtube.com/watch?v=-tqQzQSKiEg
