,codingWeek,channelId,videoId,title,publishedAt,viewCount,likeCount,dislikeCount,commentCount,duration,channelTitle,subscriberCount,country,videoURL
0,2020-06-07-2020-06-14,UCsyPEi8BS07G8ZPXmpzIZrg,yXncHLQA2_k,COVID Appropriate Behaviours,2020-06-12T09:31:54Z,18516619,73636,15348,3469,100,Ministry of Health & Family Welfare,366000,Unknown,https://www.youtube.com/watch?v=yXncHLQA2_k
1,2020-06-07-2020-06-14,UCEWHPFNilsT0IfQfutVzsag,UoS-WsIu65g,TESTE DE COVID,2020-06-11T14:00:09Z,1939547,121438,6097,5137,182,Porta dos Fundos,16800000,BR,https://www.youtube.com/watch?v=UoS-WsIu65g
2,2020-06-07-2020-06-14,UCSwXe2WReWhNdjKRTh92b9g,1RSQ8TgKE_0,VITAMINA D SISTEMA INMUNOLOGICO Y CORONAVIRUS,2020-06-07T23:25:31Z,1653836,40655,1349,1389,1891,Dr. Veller,582000,AR,https://www.youtube.com/watch?v=1RSQ8TgKE_0
3,2020-06-07-2020-06-14,UCa6vGFO9ty8v5KZJXQxdhaw,yEFzDI-swhg,"Jimmy Kimmel's Quarantine Monologue - Trump&#39;s Back Out, COVID Sex Guidelines &amp; NASCAR Flag Ban",2020-06-12T01:38:20Z,1544291,23687,1290,2033,521,Jimmy Kimmel Live,18000000,US,https://www.youtube.com/watch?v=yEFzDI-swhg
4,2020-06-07-2020-06-14,UC0L1suV8pVgO4pCAIBNGx5w,lgXqRSyyHOU,Inside COVID-19 conspiracy theories: from 5G towers to Bill Gates | 60 Minutes Australia,2020-06-07T11:50:51Z,1511923,16901,3403,N/A,1296,60 Minutes Australia,3240000,AU,https://www.youtube.com/watch?v=lgXqRSyyHOU
5,2020-06-07-2020-06-14,UC_O_KkdH3SKsp3nHrjgJYWA,0yyMCT7-bZ4,Test rapido de coronavirus que discrimina anticuerpos IgG/IgM,2020-06-11T04:05:25Z,971890,3433,326,N/A,143,IAVANTE TV,7230,ES,https://www.youtube.com/watch?v=0yyMCT7-bZ4
6,2020-06-07-2020-06-14,UC85VW73bQLEjs_taFKP7TwQ,RN81h85V6D4,How COVID-19 Affects the Body,2020-06-12T21:55:25Z,815312,13926,511,695,243,Nucleus Medical Media,3500000,US,https://www.youtube.com/watch?v=RN81h85V6D4
7,2020-06-07-2020-06-14,UCr8Tl18qM93nNMDh4CLVqKA,j1vvHKA3wjo,Coronavirus Song | #Coronavirus Movie Songs | Ram Gopal Varma | Latest Telugu Songs | #RGV,2020-06-12T12:43:57Z,808098,23261,1264,1822,227,RGV,1250000,IN,https://www.youtube.com/watch?v=j1vvHKA3wjo
8,2020-06-07-2020-06-14,UCASQzDb4SUC0gZNPbwBubIQ,HJsKFGUE-Ak,What&#39;s it like to take a COVID-19 test?,2020-06-12T13:15:15Z,807854,2251,174,491,177,The News & Observer,57700,US,https://www.youtube.com/watch?v=HJsKFGUE-Ak
9,2020-06-07-2020-06-14,UCQ00ZbBf4NdQGTYdJEuVhSQ,qE12BO_mM3M,Yeni Dunyadan Umutluyum | Mandira Filozofu Mufit Can Sacinti Covid-19 Sonrasi 'Yeni Dunya'yi Anlatti,2020-06-11T14:10:09Z,621197,11413,518,1527,1008,StoryBox,356000,TR,https://www.youtube.com/watch?v=qE12BO_mM3M
10,2020-06-07-2020-06-14,UCIALMKvObZNtJ6AmdCLP7Lg,NQTBlbx1Xjs,WHO Says Covid-19 Asymptomatic Transmission Is 'Very Rare',2020-06-08T23:29:28Z,614321,5079,632,1526,184,Bloomberg Markets and Finance,1000000,Unknown,https://www.youtube.com/watch?v=NQTBlbx1Xjs
11,2020-06-07-2020-06-14,UCUBIrDsIVzRpKsClMlSlTpQ,-kpIq2W8Sqs,Coronavirus: 4 descubrimientos clave de la ciencia en los primeros 6 meses de la pandemia,2020-06-10T13:30:00Z,597017,19328,964,1330,370,BBC News Mundo,2250000,GB,https://www.youtube.com/watch?v=-kpIq2W8Sqs
12,2020-06-07-2020-06-14,UCYpRDnhk5H8h16jpS84uqsA,H0kasJuNDTw,Le coronavirus est-il sorti d'un laboratoire ? Episode 2 : la these de l'accident,2020-06-07T14:03:46Z,357488,6962,618,1162,819,Le Monde,1050000,FR,https://www.youtube.com/watch?v=H0kasJuNDTw
13,2020-06-07-2020-06-14,UCFaPzuoXcACu7jplePDfXmA,QBHskgiY7MM,Lecon de science : decryptage de l&#39;information du Covid-19,2020-06-12T13:58:15Z,344207,N/A,N/A,N/A,2437,IHU Méditerranée-Infection,423000,FR,https://www.youtube.com/watch?v=QBHskgiY7MM
14,2020-06-07-2020-06-14,UCZYTClx2T1of7BRZ86-8fow,v-IBp3-UECo,How Long Does SARS-CoV-2 Last on Surfaces? What We Know,2020-06-12T21:00:13Z,292069,9408,188,538,363,SciShow,6650000,US,https://www.youtube.com/watch?v=v-IBp3-UECo
15,2020-06-07-2020-06-14,UCknLrEdhRCp1aegoMqRaCZg,Z2UvQS87pqE,What are the COVID-19 long-term consequences? | COVID-19 Special,2020-06-08T16:39:19Z,240277,2172,130,396,730,DW News,2480000,DE,https://www.youtube.com/watch?v=Z2UvQS87pqE
16,2020-06-07-2020-06-14,UCwI-JbGNsojunnHbFAc0M4Q,gqtKsR9qcRM,"USA : Covid-19, une maladie de pauvres ? | ARTE Reportage",2020-06-08T14:00:14Z,228759,2072,115,522,726,ARTE,1950000,FR,https://www.youtube.com/watch?v=gqtKsR9qcRM
17,2020-06-07-2020-06-14,UCUrYBZGlEOSD1_ds_HcNd6A,NIazsD0vMdw,"No, no hay microchips 5G en las vacunas del COVID-19: todo sobre el movimiento ANTIVACUNA",2020-06-10T15:52:22Z,208152,2426,3109,4405,353,Xataka TV,869000,ES,https://www.youtube.com/watch?v=NIazsD0vMdw
18,2020-06-07-2020-06-14,UCoAQlxVfi6vD1p75pghMGSA,ZhtRTLmYfIo,DETAIL ANALYSIS ON WHY GOVERNMENT OF NAGALAND IS NOT SHOWING COVID-19 POSITIVE REPORT BY YIMKHONG,2020-06-13T15:15:13Z,194744,13322,383,1394,730,yimkhongtv,229000,IN,https://www.youtube.com/watch?v=ZhtRTLmYfIo
19,2020-06-07-2020-06-14,UC07-dOwgza1IguKA86jqxNA,677pSwGauqs,Five things to know about COVID-19 transmission,2020-06-11T14:39:33Z,191758,1158,209,148,162,World Health Organization (WHO),699000,Unknown,https://www.youtube.com/watch?v=677pSwGauqs
20,2020-06-07-2020-06-14,UCMSsLqxqvZsNXi0Z-VjN89A,DdrhgorJ5rk,COVID 19 in Children - How Does the Coronavirus Affect Kids?,2020-06-12T20:15:01Z,180917,3541,113,537,872,Doctor Mike Hansen,668000,US,https://www.youtube.com/watch?v=DdrhgorJ5rk
21,2020-06-07-2020-06-14,UCG-iSMVtWbbwDDXgXXypARQ,a4zfWkvbBaw,"Coronavirus Pandemic Update 83: High Fructose, Vitamin D, &amp; Oxidative Stress in COVID-19",2020-06-12T18:10:24Z,168678,4770,63,1059,1322,MedCram - Medical Lectures Explained CLEARLY,1100000,US,https://www.youtube.com/watch?v=a4zfWkvbBaw
22,2020-06-07-2020-06-14,UCknLrEdhRCp1aegoMqRaCZg,cRJnEm5s4k8,Coronavirus medical update: How to treat Covid-19? | COVID-19 Special,2020-06-12T15:33:33Z,141652,979,98,227,711,DW News,2480000,DE,https://www.youtube.com/watch?v=cRJnEm5s4k8
23,2020-06-07-2020-06-14,UCEPMCywJ6FPZpQ_aPEZt5JA,gS-iuaV7X7I,"Future of Biotechnology career in India after covid 19 outbreak | Biotech career scope, jobs etc.",2020-06-13T15:48:17Z,138610,5437,204,1327,578,Shomu's Biology,1320000,IN,https://www.youtube.com/watch?v=gS-iuaV7X7I
24,2020-06-07-2020-06-14,UCpi2S8wW4xLlUCVryhyBtsA,RohQPzgIZ1w,FACT CHECK: Did Italy Discover that Coronavirus is a Bacterium and not Virus?,2020-06-12T03:30:03Z,132828,1163,136,142,188,Factly,50600,IN,https://www.youtube.com/watch?v=RohQPzgIZ1w
25,2020-06-07-2020-06-14,UCMSsLqxqvZsNXi0Z-VjN89A,1HTionnTT9I,Autopsy Comparison of COVID 19 vs. Flu vs. Normal Lungs,2020-06-08T19:40:37Z,110941,3769,81,302,497,Doctor Mike Hansen,668000,US,https://www.youtube.com/watch?v=1HTionnTT9I
26,2020-06-07-2020-06-14,UCT4Jg8h03dD0iN3Pb5L0PMA,eVFbBShOx0E,Especial coronavirus: la nueva normalidad,2020-06-09T22:00:08Z,72626,1273,66,N/A,751,DW Español,1620000,DE,https://www.youtube.com/watch?v=eVFbBShOx0E
27,2020-06-07-2020-06-14,UCrtd2wePvAl6RN_D-9jWVQQ,o9CvTz6XS4A,COVID-19 and Aspirin,2020-06-12T01:36:20Z,70015,1280,40,173,1944,Drbeen Medical Lectures,311000,US,https://www.youtube.com/watch?v=o9CvTz6XS4A
28,2020-06-07-2020-06-14,UCid0R8oTCnfbH-MhaDj7hvQ,siYBqsdmtYQ,Malaysia Winning The War Against COVID-19...What&#39;s Next? [(PENJANA Plan)] ,2020-06-13T02:00:12Z,63752,3573,31,323,427,Aki from Japan,109000,MY,https://www.youtube.com/watch?v=siYBqsdmtYQ
29,2020-06-07-2020-06-14,UCWF8SqJVNlx-ctXbLswcTcA,yRlOJRxNZe0,"COVID-19 Q&amp;A #2 - Antibody-Dependent Enhancement, Cross-Immunity, Immunity Duration &amp; More",2020-06-10T22:10:53Z,62708,1726,65,200,3374,FoundMyFitness,371000,US,https://www.youtube.com/watch?v=yRlOJRxNZe0
