,codingWeek,channelId,videoId,title,publishedAt,viewCount,likeCount,dislikeCount,commentCount,duration,channelTitle,subscriberCount,country,videoURL
0,2020-07-05-2020-07-12,UCo7a6riBFJ3tkeHjvkXPn1g,LDk9CW82puo,Vietnam has zero coronavirus deaths. Here's why. | CNBC Reports,2020-07-06T21:00:05Z,4447074,50071,3126,13991,461,CNBC International,989000,GB,https://www.youtube.com/watch?v=LDk9CW82puo
1,2020-07-05-2020-07-12,UCGzwLkrpclmeHYA9hlw6idg,xmMYsoCJ_vU,"Coronavirus Live Stream: City Traffic, Real Time Cases, Maps, Timelines, News, Economy",2020-07-06T23:10:55Z,4017330,4827,617,0,0,Number Story,67600,Unknown,https://www.youtube.com/watch?v=xmMYsoCJ_vU
2,2020-07-05-2020-07-12,UC_lEiu6917IJz03TnntWUaQ,Lx0NKCHeXAI,Los transmisores silenciosos de covid-19,2020-07-07T21:53:23Z,2765690,41787,4358,5529,1914,CNN en Español,2450000,US,https://www.youtube.com/watch?v=Lx0NKCHeXAI
3,2020-07-05-2020-07-12,UCmEzBOAFElfaHS1oQ11K3gg,AhC6_JXagxE,COVID-19 test video for children to watch,2020-07-06T16:34:41Z,2370805,13875,2936,N/A,127,Provincial Health Services Authority (PHSA),,CA,https://www.youtube.com/watch?v=AhC6_JXagxE
4,2020-07-05-2020-07-12,UCZYTClx2T1of7BRZ86-8fow,GqrA6ojnhJQ,What Does an Asymptomatic COVID-19 Infection Look Like?,2020-07-10T21:00:03Z,1293259,21757,1049,2087,321,SciShow,6650000,US,https://www.youtube.com/watch?v=GqrA6ojnhJQ
5,2020-07-05-2020-07-12,UC0p5jTq6Xx_DosDFxVXnWaQ,PAs0gw1zIuQ,Covid-19: why travel will never be the same | The Economist,2020-07-10T14:34:31Z,1036094,10306,501,952,467,The Economist,1930000,GB,https://www.youtube.com/watch?v=PAs0gw1zIuQ
6,2020-07-05-2020-07-12,UCSwXe2WReWhNdjKRTh92b9g,onwvEqAlfb8,COVID 19 SINTOMAS,2020-07-11T00:38:52Z,933595,19851,831,1280,1102,Dr. Veller,582000,AR,https://www.youtube.com/watch?v=onwvEqAlfb8
7,2020-07-05-2020-07-12,UCEu502vFxm_7G13bPrzPhlA,qpYfv1Lu9_U,CORONAVIRUS: Treatment at Home,2020-07-08T11:30:07Z,676677,6861,433,277,264,ETV Life India,448000,IN,https://www.youtube.com/watch?v=qpYfv1Lu9_U
8,2020-07-05-2020-07-12,UCoNNhGGAYkdavsSXp1iVzCg,4qxdTpoGMSc,HSE COVID Tracker App,2020-07-07T10:16:28Z,557063,N/A,N/A,N/A,30,HSE Ireland,17300,IE,https://www.youtube.com/watch?v=4qxdTpoGMSc
9,2020-07-05-2020-07-12,UCWePvkHzRM1KM-T7E1Yh_TQ,WpfOC2oWPAA,What To Do If I Have Covid 19? Treatment and Recovery at Home,2020-07-11T21:27:06Z,535654,8838,219,1200,369,Dr SMART team,9040,US,https://www.youtube.com/watch?v=WpfOC2oWPAA
10,2020-07-05-2020-07-12,UC176GAQozKKjhz62H8u9vQQ,CH91AVrcEFg,Why Steroids Are a COVID-19 Game Changer,2020-07-11T15:45:00Z,435893,9509,331,1020,768,Real Science,477000,IE,https://www.youtube.com/watch?v=CH91AVrcEFg
11,2020-07-05-2020-07-12,UCknLrEdhRCp1aegoMqRaCZg,AqYCJd8uwW8,Coronavirus gene mutation: How scared should we be? | Covid-19 Special,2020-07-10T16:30:03Z,395677,3901,293,890,711,DW News,2480000,DE,https://www.youtube.com/watch?v=AqYCJd8uwW8
12,2020-07-05-2020-07-12,UC55-mxUj5Nj3niXFReG44OQ,IQOScLWd9K8,Que carrera elijo en un mundo post COVID,2020-07-10T03:10:20Z,291562,15085,515,1134,1191,Platzi,1200000,MX,https://www.youtube.com/watch?v=IQOScLWd9K8
13,2020-07-05-2020-07-12,UCiMg06DjcUk5FRiM3g5sqoQ,gff4GkGvW-Q,Viral Test for COVID-19,2020-07-08T14:21:36Z,264173,199,35,0,61,Centers for Disease Control and Prevention (CDC),528000,US,https://www.youtube.com/watch?v=gff4GkGvW-Q
14,2020-07-05-2020-07-12,UCZYTClx2T1of7BRZ86-8fow,VXG3Xozi2qc,Why Does COVID-19 Have So Many Symptoms?,2020-07-09T21:00:05Z,257503,9306,289,476,356,SciShow,6650000,US,https://www.youtube.com/watch?v=VXG3Xozi2qc
15,2020-07-05-2020-07-12,UCEAZeUIeJs0IjQiqTCdVSIg,fdNIJ5JlJRY,"Chamath Palihapitiya reflects on his success, coronavirus, economy, tech and politics",2020-07-06T18:32:35Z,179431,3008,136,353,1692,Yahoo Finance,614000,US,https://www.youtube.com/watch?v=fdNIJ5JlJRY
16,2020-07-05-2020-07-12,UCG-iSMVtWbbwDDXgXXypARQ,BG5pEDKbQv0,Coronavirus Pandemic Update 94: Inhaled Steroids COVID-19 Treatment; New Pneumonia in Kazakhstan?,2020-07-10T16:53:41Z,170836,4401,76,755,629,MedCram - Medical Lectures Explained CLEARLY,1100000,US,https://www.youtube.com/watch?v=BG5pEDKbQv0
17,2020-07-05-2020-07-12,UCJi8M0hRKjz8SLPvJKEVTOg,cRFbFjsR4lA,Covid 19 | Man left home at Vijayawada,2020-07-10T09:18:51Z,144013,799,90,102,358,ETV Andhra Pradesh,3970000,Unknown,https://www.youtube.com/watch?v=cRFbFjsR4lA
18,2020-07-05-2020-07-12,UCF9IOB2TExg3QIBupFtBDxg,TL-n0LWBEJQ,Increased blood clotting in COVID-19,2020-07-11T15:34:37Z,131962,5030,103,1299,2023,Dr. John Campbell,979000,GB,https://www.youtube.com/watch?v=TL-n0LWBEJQ
19,2020-07-05-2020-07-12,UCJltaEFLdH3b8kOojySIa4A,aAD7yjallk8,Guia para pacientes con Covid-19 en el hogar,2020-07-06T14:26:58Z,123085,1697,60,262,192,Hospital FrickeTV,3390,CL,https://www.youtube.com/watch?v=aAD7yjallk8
20,2020-07-05-2020-07-12,UCsyPEi8BS07G8ZPXmpzIZrg,3dpTbtUSIcI,Let&#39;s follow these 15 COVID Appropriate Behaviours,2020-07-06T11:42:28Z,95604,934,105,19,106,Ministry of Health & Family Welfare,366000,Unknown,https://www.youtube.com/watch?v=3dpTbtUSIcI
21,2020-07-05-2020-07-12,UC07-dOwgza1IguKA86jqxNA,bLT-XdPRUAA,Sharing COVID-19 experiences: The New Zealand response,2020-07-07T09:13:01Z,86893,1799,141,676,245,World Health Organization (WHO),699000,Unknown,https://www.youtube.com/watch?v=bLT-XdPRUAA
22,2020-07-05-2020-07-12,UCOmcA3f_RrH6b9NmcNa4tdg,UrSm5JGeJ98,How a supercomputer could end the COVID pandemic [?],2020-07-06T13:00:09Z,77036,1389,96,121,649,CNET,3070000,US,https://www.youtube.com/watch?v=UrSm5JGeJ98
23,2020-07-05-2020-07-12,UCuyRsHZILrU7ZDIAbGASHdA,8gv3Mt_xxRg,"Covid has made racism against us much worse, say people from North-East in Delhi",2020-07-09T11:24:37Z,69367,4904,54,589,200,ThePrint,1530000,IN,https://www.youtube.com/watch?v=8gv3Mt_xxRg
24,2020-07-05-2020-07-12,UCSzyUCH0VOxPYBOAyuqQwqA,8mUe8hVNkQw,When to End a COVID-19 Self-Quarantine,2020-07-09T18:40:24Z,67129,503,20,N/A,95,Medical City Healthcare,1930,Unknown,https://www.youtube.com/watch?v=8mUe8hVNkQw
25,2020-07-05-2020-07-12,UCTrQ7HXWRRxr7OsOtodr2_w,xT-zsrAjPqg,"Meet the Covid-19 survivor, who spent 96 days in Intensive Care",2020-07-08T18:56:01Z,66207,757,39,281,339,Channel 4 News,1670000,GB,https://www.youtube.com/watch?v=xT-zsrAjPqg
26,2020-07-05-2020-07-12,UCiMg06DjcUk5FRiM3g5sqoQ,JtBid-Y-JvA,Antibody Test for COVID-19,2020-07-08T14:19:29Z,59922,191,29,0,59,Centers for Disease Control and Prevention (CDC),528000,US,https://www.youtube.com/watch?v=JtBid-Y-JvA
27,2020-07-05-2020-07-12,UCe5-b0fCK3eQCpwS6MT0aNw,xAINw2Bp_wk,Medico intensivista cuenta como es estar en una UCI por coronavirus,2020-07-09T14:04:57Z,53987,370,29,55,522,EL TIEMPO,1130000,CO,https://www.youtube.com/watch?v=xAINw2Bp_wk
28,2020-07-05-2020-07-12,UCW0tN7v9ZvYGWNJkaAylYQg,Fts2pTLjQsA,ULIMA - La economia en tiempos de COVID-19,2020-07-10T23:28:44Z,48142,628,35,33,197,Universidad de Lima,14800,Unknown,https://www.youtube.com/watch?v=Fts2pTLjQsA
29,2020-07-05-2020-07-12,UCknLrEdhRCp1aegoMqRaCZg,mR3krZenGS0,Coronavirus lockdown could lead to surge in HIV deaths | COVID-19 Special,2020-07-09T15:32:21Z,32531,475,31,136,679,DW News,2480000,DE,https://www.youtube.com/watch?v=mR3krZenGS0
