,codingWeek,channelId,videoId,title,publishedAt,viewCount,likeCount,dislikeCount,commentCount,duration,channelTitle,subscriberCount,country,videoURL
0,2020-05-10-2020-05-17,UCMSsLqxqvZsNXi0Z-VjN89A,y6h8TIxeg1g,12 COVID 19 Autopsy Cases Reveal the TRUTH How COVID 19 Patients Dying - Doctor Explains,2020-05-14T15:45:04Z,9417657,159017,6589,11673,823,Doctor Mike Hansen,668000,US,https://www.youtube.com/watch?v=y6h8TIxeg1g
1,2020-05-10-2020-05-17,UCuB112ZHY1iygcDEHRg6P5Q,Yidpb1cg0Js,So Sorry | Economy Warrior Vs Coronavirus,2020-05-14T14:24:59Z,8154602,87067,6254,1356,106,SoSorry,4800000,IN,https://www.youtube.com/watch?v=Yidpb1cg0Js
2,2020-05-10-2020-05-17,UCDS9hpqUEXsXUIcf0qDcBIA,P4QjOhu9eIQ,PM Modi&#39;s address to the Nation on COVID-19 | 12th May 2020 | PMO,2020-05-12T15:08:34Z,5940557,155813,24988,N/A,2036,PMO India,1550000,IN,https://www.youtube.com/watch?v=P4QjOhu9eIQ
3,2020-05-10-2020-05-17,UC0p5jTq6Xx_DosDFxVXnWaQ,VfKfSUqn_GY,How covid-19 could change the financial world order | The Economist,2020-05-12T14:01:55Z,1855361,30613,3787,5598,598,The Economist,1930000,GB,https://www.youtube.com/watch?v=VfKfSUqn_GY
4,2020-05-10-2020-05-17,UCHpw8xwDNhU9gdohEcJu4aA,xeHukQ6Ux1k,Fighting a locust plague amid Covid-19 in east Africa,2020-05-15T06:58:57Z,1356350,8250,548,1160,293,The Guardian,1660000,GB,https://www.youtube.com/watch?v=xeHukQ6Ux1k
5,2020-05-10-2020-05-17,UCsooa4yRKGN_zEE8iknghZA,D9tTi-CDjDU,What is a coronavirus? - Elizabeth Cox,2020-05-14T15:02:01Z,1346011,27706,647,1620,316,TED-Ed,13900000,US,https://www.youtube.com/watch?v=D9tTi-CDjDU
6,2020-05-10-2020-05-17,UC-CSyyi47VX1lD9zyeABW3w,L14NBQEl-54,How Kerala defeated Coronavirus | Dhruv Rathee,2020-05-14T08:50:43Z,1196602,90562,4308,13145,796,Dhruv Rathee,5460000,DE,https://www.youtube.com/watch?v=L14NBQEl-54
7,2020-05-10-2020-05-17,UCYpRDnhk5H8h16jpS84uqsA,cPr6q5E4PNw,"Coronavirus : la crise economique est unique, voici pourquoi",2020-05-10T08:30:05Z,1004790,24516,1261,2484,723,Le Monde,1050000,FR,https://www.youtube.com/watch?v=cPr6q5E4PNw
8,2020-05-10-2020-05-17,UCCj956IF62FbT7Gouszaj9w,P8HC5sOHzus,Coronavirus: Boris Johnson updates nation on Covid-19 lockdown  @BBC News - BBC,2020-05-10T18:17:36Z,920784,6042,2663,5106,860,BBC,11300000,GB,https://www.youtube.com/watch?v=P8HC5sOHzus
9,2020-05-10-2020-05-17,UCvJJ_dzjViJCoLf5uKUTwoA,OJ08BuyejuE,How Ultraviolet Light Could Help Stop The Spread Of Coronavirus,2020-05-10T16:08:13Z,859574,12063,678,1837,984,CNBC,2300000,Unknown,https://www.youtube.com/watch?v=OJ08BuyejuE
10,2020-05-10-2020-05-17,UCcYzLCs3zrQIBVHYA1sK2sw,eLdX_0xyZcI,What Would Shiva Say About the Coronavirus?,2020-05-12T06:33:57Z,734178,22147,785,1412,316,Sadhguru,7580000,IN,https://www.youtube.com/watch?v=eLdX_0xyZcI
11,2020-05-10-2020-05-17,UCuyRsHZILrU7ZDIAbGASHdA,l2wdJskulOo,What is RT-PCR test for Covid-19 and how does it work?,2020-05-13T12:45:00Z,398893,3120,176,105,493,ThePrint,1530000,IN,https://www.youtube.com/watch?v=l2wdJskulOo
12,2020-05-10-2020-05-17,UCvJJ_dzjViJCoLf5uKUTwoA,VUvtuKUP-M0,"How Coronavirus Antibody, Genetic And Antigen Tests Work",2020-05-15T16:00:20Z,379190,2679,131,270,826,CNBC,2300000,Unknown,https://www.youtube.com/watch?v=VUvtuKUP-M0
13,2020-05-10-2020-05-17,UCP744Zzjsk4Yul3Ib9hcViw,OCtVx7e21XI,Cuidando a alguien enfermo con el Coronavirus,2020-05-12T17:46:06Z,286783,2739,199,143,256,Mytonomy,5170,US,https://www.youtube.com/watch?v=OCtVx7e21XI
14,2020-05-10-2020-05-17,UCG-iSMVtWbbwDDXgXXypARQ,Dr_6w-WPr0w,Coronavirus Pandemic Update 69: &quot;NAC&quot; Supplementation and COVID-19 (N-Acetylcysteine),2020-05-11T18:17:06Z,274904,10444,105,1289,1606,MedCram - Medical Lectures Explained CLEARLY,1100000,US,https://www.youtube.com/watch?v=Dr_6w-WPr0w
15,2020-05-10-2020-05-17,UCEsum-txAsb_hIePvnXhyrQ,y6VC9UqAXHA,3D model of the SARS-CoV-2 virus at atomic resolution,2020-05-14T12:10:20Z,265515,1424,31,88,101,Visual Science,2070,US,https://www.youtube.com/watch?v=y6VC9UqAXHA
16,2020-05-10-2020-05-17,UCk-_PEY3iC6DIGJKuoEe9bw,IcMnJn62Qp0,"#RDLS113 - Coronavirus, Sanofi, loi Avia, dette, 6e Republique, ecole, deconfinement, Mayotte",2020-05-14T19:15:16Z,251796,13860,366,1790,6789,JEAN-LUC MÉLENCHON,523000,FR,https://www.youtube.com/watch?v=IcMnJn62Qp0
17,2020-05-10-2020-05-17,UCo1zEN0d8lsrm1LV4n8eLVw,qvoLc6KNVk4,PREVENCION DIAGNOSTICO Y TRATAMIENTO DE PERSONAS AFECTADAS POR COVID-19 EN EL PERU,2020-05-13T16:04:09Z,251536,2176,195,153,6591,Telesalud Minsa Telecapacitaciones,93200,PE,https://www.youtube.com/watch?v=qvoLc6KNVk4
18,2020-05-10-2020-05-17,UCpasZs-GSrQtOJW7WuAlq9Q,TPYAiksecvE,Animation: Why is fever tracking important? Learn how to track your body temperature,2020-05-13T18:45:34Z,192382,780,75,N/A,151,The Jackson Laboratory,16300,US,https://www.youtube.com/watch?v=TPYAiksecvE
19,2020-05-10-2020-05-17,UCthbIFAxbXTTQEC7EcQvP1Q,emybcaN_Fb8,Quanto tempo leva a recuperacao dos pacientes com covid-19?,2020-05-15T00:00:28Z,175267,5787,155,431,159,BBC News Brasil,2130000,BR,https://www.youtube.com/watch?v=emybcaN_Fb8
20,2020-05-10-2020-05-17,UCTL52ZTc9f0IP-ZUIyysd5w,7n-JfsVA8UU,COVID-19 Testing: What to Expect,2020-05-13T15:20:17Z,150577,N/A,N/A,N/A,124,Monroe Carell Jr. Children's Hospital at Vanderbilt,1960,US,https://www.youtube.com/watch?v=7n-JfsVA8UU
21,2020-05-10-2020-05-17,UCwUr2RA-8YxAB5COLWTLhOw,rBAcBEmPap8,Pacientes comparten como es recuperarse en un area para enfermos de COVID-19,2020-05-14T11:30:07Z,149959,844,70,119,337,Animal Político,106000,MX,https://www.youtube.com/watch?v=rBAcBEmPap8
22,2020-05-10-2020-05-17,UC5ADeLt8ckSBvfz0C47qbGQ,AXP9qQ_a0fw,The COVID-19 Cytokine Storm Explained,2020-05-11T13:45:00Z,134669,3101,62,283,1535,ICU Advantage,192000,US,https://www.youtube.com/watch?v=AXP9qQ_a0fw
23,2020-05-10-2020-05-17,UCNI0qOojpkhsUtaQ4_2NUhQ,Uk2m3KJbJBU,"COVID-19 (Coronavirus Disease 19) May Update- causes, symptoms, diagnosis, treatment, pathology",2020-05-13T21:00:08Z,112079,1673,91,101,1330,Osmosis,1990000,US,https://www.youtube.com/watch?v=Uk2m3KJbJBU
24,2020-05-10-2020-05-17,UCiMg06DjcUk5FRiM3g5sqoQ,pC5hmrKu2QQ,COVID-19: Consejos para mantener a los ninos sanos,2020-05-13T19:02:31Z,92704,566,65,0,187,Centers for Disease Control and Prevention (CDC),528000,US,https://www.youtube.com/watch?v=pC5hmrKu2QQ
25,2020-05-10-2020-05-17,UCIwqRie0gdAQEpDUqhr81lw,qoqvmeeIqNI,A Better Way To Understand COVID-19&#39;s Death Toll,2020-05-14T18:53:11Z,34810,230,72,48,138,Michael Thomas,6030,Unknown,https://www.youtube.com/watch?v=qoqvmeeIqNI
26,2020-05-10-2020-05-17,UCiL5cr7kZyfhQmfspVPCdOQ,IVwbgjYTZP4,Comprendre la crise economique liee au COVID-19,2020-05-15T10:48:10Z,34563,456,16,N/A,209,Banque de France,10200,FR,https://www.youtube.com/watch?v=IVwbgjYTZP4
27,2020-05-10-2020-05-17,UCWs45hL_0N1l7pJO3sTd6pw,OLR55hdgoug,RATAS CONTAGIAN A PERSONAS CON HEPATITIS E | Coronavirus Lado B #24 | Pablo Molinari,2020-05-15T23:00:10Z,26414,2335,9,221,780,Pablo Molinari,163000,AR,https://www.youtube.com/watch?v=OLR55hdgoug
28,2020-05-10-2020-05-17,UCiMg06DjcUk5FRiM3g5sqoQ,9HTR7Xs0_7o,COVID-19: Respuestas para las preguntas de los ninos,2020-05-13T19:01:39Z,25331,254,36,0,142,Centers for Disease Control and Prevention (CDC),528000,US,https://www.youtube.com/watch?v=9HTR7Xs0_7o
29,2020-05-10-2020-05-17,UC_ClYrAtDNAGy5J0N-AwBNw,T76f7YnKk1U,"Mountains Of Evidence Show COVID-19 Was All Over The World Oct/Nov 2019, Why Is It Being Ignored?",2020-05-12T23:22:30Z,21375,1549,29,81,8445,The Last American Vagabond,102000,US,https://www.youtube.com/watch?v=T76f7YnKk1U
