,codingWeek,channelId,videoId,title,publishedAt,viewCount,likeCount,dislikeCount,commentCount,duration,channelTitle,subscriberCount,country,videoURL
0,2020-08-09-2020-08-16,UCGAR1p-zHqYAKo2Y1EtMnrg,UewPKDjwmg0,COVID-19 : pourquoi il est important de ne jamais oublier les gestes barrieres,2020-08-14T08:39:40Z,2495577,N/A,N/A,N/A,73,Santé publique France,18000,Unknown,https://www.youtube.com/watch?v=UewPKDjwmg0
1,2020-08-09-2020-08-16,UCLXo7UDZvByw2ixzpQCufnA,r2fxJI_cP58,The risky way to speed up a coronavirus vaccine,2020-08-12T12:00:13Z,1549337,41453,1306,3511,553,Vox,9650000,US,https://www.youtube.com/watch?v=r2fxJI_cP58
2,2020-08-09-2020-08-16,UCSwXe2WReWhNdjKRTh92b9g,42iXB_g1MfM,COVID 19 ?Cuanto duran los sintomas?,2020-08-11T20:01:01Z,1481497,21927,1066,2067,1186,Dr. Veller,582000,AR,https://www.youtube.com/watch?v=42iXB_g1MfM
3,2020-08-09-2020-08-16,UCl8wUKzoUVzg7U6ky1ZR8hQ,eDyzQ91MiOo,"koronaavaayrs: Russia kii Coronavirus Vaccine Launch, Putin kii Daughter ko bhii Dose /  Covid-19 Vaccine",2020-08-11T12:48:45Z,1022692,9493,726,484,202,Navbharat Times नवभारत टाइम्स,3820000,IN,https://www.youtube.com/watch?v=eDyzQ91MiOo
4,2020-08-09-2020-08-16,UCeGUqJFEuNCiECPrHMup3tg,Egbe9jtgXIM,Moving Back into College - Fall 2020 covid edition,2020-08-13T13:00:08Z,969370,59394,291,2496,1046,Yoora Jung,1460000,US,https://www.youtube.com/watch?v=Egbe9jtgXIM
5,2020-08-09-2020-08-16,UC55-mxUj5Nj3niXFReG44OQ,phip_gfHEEU,La vacuna rusa del Covid-19 ?Es real?,2020-08-14T02:16:24Z,519235,18604,4061,4837,1427,Platzi,1200000,MX,https://www.youtube.com/watch?v=phip_gfHEEU
6,2020-08-09-2020-08-16,UChDKyKQ59fYz3JO2fl0Z6sg,IGHYYUX6I3Y,Putin Claims Russia Has A Coronavirus Vaccine | TODAY,2020-08-11T14:00:07Z,512204,4820,679,3283,139,TODAY,3010000,Unknown,https://www.youtube.com/watch?v=IGHYYUX6I3Y
7,2020-08-09-2020-08-16,UC_lEiu6917IJz03TnntWUaQ,OTnxyXL8uD4,Deepak Chopra sobre el coronavirus: Podremos aceptar la pandemia y buscarle sentido,2020-08-14T23:07:59Z,491409,12689,758,931,1078,CNN en Español,2450000,US,https://www.youtube.com/watch?v=OTnxyXL8uD4
8,2020-08-09-2020-08-16,UChDKyKQ59fYz3JO2fl0Z6sg,N4HSET82w9Y,Inside The Wuhan Lab At Center Of Coronavirus Controversy | TODAY,2020-08-10T15:00:11Z,467453,3388,4375,3345,361,TODAY,3010000,Unknown,https://www.youtube.com/watch?v=N4HSET82w9Y
9,2020-08-09-2020-08-16,UCxPHZegowbV7gDRwOpEZS5A,IAZG9DNJgMs,VACUNA CORONAVIRUS RUSA CONFIRMADA | EL 12 DE AGOSTO ES LA FECHA / Putin gano la carrera mundial,2020-08-09T22:15:19Z,233089,3264,162,813,555,VLV - Viralizando La Verdad,111000,AR,https://www.youtube.com/watch?v=IAZG9DNJgMs
10,2020-08-09-2020-08-16,UCu6kdPM8cRvsnfD-0NsSpCA,Dp1ESLwLwJk,Ejercicios respiracion - Covid -19,2020-08-12T16:53:06Z,223535,3313,92,112,216,EPS SURA,24200,CO,https://www.youtube.com/watch?v=Dp1ESLwLwJk
11,2020-08-09-2020-08-16,UCk1KK0tIrr_pK7QhUHKfzRQ,omNr7_iowN0,Efectele noului coronavirus asupra creierului - Prof. Dr. Alexandru-Vladimir Ciurea,2020-08-13T11:50:32Z,161588,1882,242,0,1632,Dr. Sanador,,RO,https://www.youtube.com/watch?v=omNr7_iowN0
12,2020-08-09-2020-08-16,UCNI0qOojpkhsUtaQ4_2NUhQ,DqnrqV6ogGw,"COVID-19 (Coronavirus Disease 19) August Update- causes, symptoms, diagnosis, treatment, pathology",2020-08-12T16:00:12Z,140147,2491,118,132,1501,Osmosis,1990000,US,https://www.youtube.com/watch?v=DqnrqV6ogGw
13,2020-08-09-2020-08-16,UCcYzLCs3zrQIBVHYA1sK2sw,B9uCN3zwrBo,Mental Health Impact of the COVID Pandemic  - Sadhguru with Medical Experts ,2020-08-13T12:07:45Z,133718,3611,80,295,8506,Sadhguru,7580000,IN,https://www.youtube.com/watch?v=B9uCN3zwrBo
14,2020-08-09-2020-08-16,UCG-iSMVtWbbwDDXgXXypARQ,i536vS3z3e8,COVID-19 Pandemic Update 101: T Cell Immunity vs. Antibodies &amp; Prior Exposure to Other Coronaviruses,2020-08-10T19:43:07Z,125779,4502,61,913,986,MedCram - Medical Lectures Explained CLEARLY,1100000,US,https://www.youtube.com/watch?v=i536vS3z3e8
15,2020-08-09-2020-08-16,UCeY0bbntWzzVIaj2z3QigXg,93or5z6O_vE,"COVID-19 ""Long-Haulers"" Bring Long-Term Effects Into The Spotlight | NBC News",2020-08-12T20:00:46Z,104312,1017,36,219,481,NBC News,5540000,Unknown,https://www.youtube.com/watch?v=93or5z6O_vE
16,2020-08-09-2020-08-16,UCthbIFAxbXTTQEC7EcQvP1Q,FMl00bwqWMc,A dificil realidade das domesticas em meio a crise da covid-19 | Documentario BBC,2020-08-15T16:00:04Z,89348,6718,218,824,1399,BBC News Brasil,2130000,BR,https://www.youtube.com/watch?v=FMl00bwqWMc
17,2020-08-09-2020-08-16,UCeY0bbntWzzVIaj2z3QigXg,lFkDFZBOM0U,Watch: Full interview With Director-General Of Wuhan Institute Of Virology | NBC News,2020-08-10T14:20:11Z,82141,976,226,818,1614,NBC News,5540000,Unknown,https://www.youtube.com/watch?v=lFkDFZBOM0U
18,2020-08-09-2020-08-16,UCG-iSMVtWbbwDDXgXXypARQ,qKM4MIrfr4k,COVID-19 Rapid Tests Demo &amp; Q/A with E25Bio Co-Founder (At Home Coronavirus Testing),2020-08-12T15:55:55Z,67738,1698,32,448,1418,MedCram - Medical Lectures Explained CLEARLY,1100000,US,https://www.youtube.com/watch?v=qKM4MIrfr4k
19,2020-08-09-2020-08-16,UCsT0YIqwnpJCM-mx7-gSA4Q,HRboT_SsxP8,COVID; Why the Economics of Healthcare Will Never Be the Same | Laura Glenn | TEDxTraverseCity,2020-08-11T21:00:03Z,64356,1148,95,139,1115,TEDx Talks,31300000,Unknown,https://www.youtube.com/watch?v=HRboT_SsxP8
20,2020-08-09-2020-08-16,UC6cxTsUnfSZrj96KNHhRTHQ,zSMqebeOKHs,CORONAVIRUS:,2020-08-12T09:44:33Z,61537,232,12,1,21090,Saam Marathi TV News,2040000,IN,https://www.youtube.com/watch?v=zSMqebeOKHs
21,2020-08-09-2020-08-16,UCYa9l5DZCq9-2ykCUiAicRg,BeUhmtpfG3U,Guerir de la COVID-19 : L'histoire de Lenni-Kim,2020-08-12T19:16:55Z,61186,2645,45,N/A,122,Canadiens en santé,2480,CA,https://www.youtube.com/watch?v=BeUhmtpfG3U
22,2020-08-09-2020-08-16,UCMtZt5KQmhCLXiQVRhIgzTg,fe0V6wUBLhw,Doctor Reacts to OUTBREAK film (1995) - comparing to COVID-19 pandemic,2020-08-12T14:44:28Z,58632,3435,38,556,1583,Dr Hope's Sick Notes,481000,GB,https://www.youtube.com/watch?v=fe0V6wUBLhw
23,2020-08-09-2020-08-16,UCMSsLqxqvZsNXi0Z-VjN89A,2HRK03wipaA,How to Cope with Coronavirus Anxiety - Psychiatrist Dr. Ali | Mental Health COVID 19,2020-08-14T19:02:57Z,49643,1679,220,641,2770,Doctor Mike Hansen,668000,US,https://www.youtube.com/watch?v=2HRK03wipaA
24,2020-08-09-2020-08-16,UC_ClYrAtDNAGy5J0N-AwBNw,EbLV3DKvBOg,"Denmark Says &#39;No Benefit&#39; To Masks, Lockdowns Don&#39;t Work, COVID Tracking &amp; Israeli/US Foreign Policy",2020-08-10T01:02:09Z,25535,1712,40,185,9993,The Last American Vagabond,102000,US,https://www.youtube.com/watch?v=EbLV3DKvBOg
25,2020-08-09-2020-08-16,UCR2JbU5mH4dULxH2VJirpGA,3fSAQorkDqc,"Cancer, COVID and the Kentucky Economy: How ""Sweet Annie"" Could Make an Impact",2020-08-12T13:48:46Z,22226,461,6,112,376,University of Kentucky,11200,US,https://www.youtube.com/watch?v=3fSAQorkDqc
26,2020-08-09-2020-08-16,UCrtd2wePvAl6RN_D-9jWVQQ,cCu0JtXgGYU,COVID-19 Pathophysiology A Complete Review (Aug 13th 2020),2020-08-14T01:58:02Z,15689,530,6,48,2971,Drbeen Medical Lectures,311000,US,https://www.youtube.com/watch?v=cCu0JtXgGYU
27,2020-08-09-2020-08-16,UCATNzbTbfeoMhNonZGZmrhA,g7ilXCHld7g,What have you learned about coronavirus in the last six months?,2020-08-14T01:37:52Z,13152,29,3,5,199,Johns Hopkins Medicine,230000,US,https://www.youtube.com/watch?v=g7ilXCHld7g
28,2020-08-09-2020-08-16,UCvBLYALDNILGuu8mYEd907Q,PiQnr8SZCzo,"Alejandro Fantino confirmo que tiene coronavirus: &quot;Los resultados del hisopado, covid positivo&quot;.",2020-08-09T02:49:17Z,9118,22,6,38,118,Farandula Show,90400,AR,https://www.youtube.com/watch?v=PiQnr8SZCzo
29,2020-08-09-2020-08-16,UCATNzbTbfeoMhNonZGZmrhA,-EywTQ6P0WA,COVID-19: When should masks be worn?,2020-08-14T01:37:52Z,8750,15,4,1,81,Johns Hopkins Medicine,230000,US,https://www.youtube.com/watch?v=-EywTQ6P0WA
