,codingWeek,channelId,videoId,title,publishedAt,viewCount,likeCount,dislikeCount,commentCount,duration,channelTitle,subscriberCount,country,videoURL
0,2020-03-01-2020-03-08,UCt4t-jeY85JegMlZ-E5UWtA,JJsqVMRSW-8,Coronavirus kii Inside Story! | Vardaat with Shams Tahir Khan,2020-03-07T05:39:07Z,57214535,362536,54293,12418,905,Aaj Tak,46500000,IN,https://www.youtube.com/watch?v=JJsqVMRSW-8
1,2020-03-01-2020-03-08,UC3XTzVzaHQEd30rQbuvCtTQ,c09m5f7Gnic,Coronavirus: Last Week Tonight with John Oliver (HBO),2020-03-02T07:30:02Z,15458015,305075,12171,25149,1210,LastWeekTonight,8710000,Unknown,https://www.youtube.com/watch?v=c09m5f7Gnic
2,2020-03-01-2020-03-08,UCqFzWxSCi39LnW1JKFR3efg,H4qvO0StKto,Coronavirus Cold Open - SNL,2020-03-01T06:39:34Z,10401816,102610,8556,6937,514,Saturday Night Live,12000000,US,https://www.youtube.com/watch?v=H4qvO0StKto
3,2020-03-01-2020-03-08,UCmphdqZNmqL72WJ2uyiNw5w,OQoAlWmndxo,Coronavirus se bcne ke sbse aasaan upaay! Sumit Awasthi | ABP News Hindi,2020-03-04T10:14:40Z,5840127,48678,5095,1656,950,ABP NEWS HINDI,21100000,IN,https://www.youtube.com/watch?v=OQoAlWmndxo
4,2020-03-01-2020-03-08,UC1IYhBFQbBWIxirTRbcfIUw,WKkkyLM0BYs,"Frank Cuesta, sobre el origen del COVID-19: ""En agosto ya estaba pasando algo""",2020-03-06T10:47:44Z,4419825,42684,4997,4182,378,esRadiovideos,396000,Unknown,https://www.youtube.com/watch?v=WKkkyLM0BYs
5,2020-03-01-2020-03-08,UCMtFAi84ehTSYSE9XoHefig,jB4FUHHMI24,Neil deGrasse Tyson On Coronavirus: Will People Listen To Science?,2020-03-07T08:35:00Z,4236607,78776,3846,9555,655,The Late Show with Stephen Colbert,8550000,Unknown,https://www.youtube.com/watch?v=jB4FUHHMI24
6,2020-03-01-2020-03-08,UCqFzWxSCi39LnW1JKFR3efg,sGFkad-N-kk,Weekend Update: Trump Talks Coronavirus - SNL,2020-03-01T06:53:57Z,3985388,43184,1996,2228,336,Saturday Night Live,12000000,US,https://www.youtube.com/watch?v=sGFkad-N-kk
7,2020-03-01-2020-03-08,UCe5-b0fCK3eQCpwS6MT0aNw,qTxtJr5gqAE,?Cuales son los sintomas y efectos del coronavirus?,2020-03-03T20:52:35Z,3508134,24587,2449,2199,369,EL TIEMPO,1130000,CO,https://www.youtube.com/watch?v=qTxtJr5gqAE
8,2020-03-01-2020-03-08,UCqlsTzBv49Uiu8Z3IseVgQQ,ij83gGesF8E,CORONAVIRUS: COMBATIR EL MIEDO | Especial informativo,2020-03-04T22:00:50Z,3487641,15125,2441,1104,3124,RTVE,1600000,ES,https://www.youtube.com/watch?v=ij83gGesF8E
9,2020-03-01-2020-03-08,UCwI-JbGNsojunnHbFAc0M4Q,OQD_-2KI244,Coronavirus : la Chine en quarantaine | ARTE Reportage,2020-03-03T15:00:06Z,3451701,24247,1778,3392,2163,ARTE,1950000,FR,https://www.youtube.com/watch?v=OQD_-2KI244
10,2020-03-01-2020-03-08,UCVTyTA7-g9nopHeHbeuvpRA,JiqFnKXf3do,Trump Keeps Lying About the Coronavirus Outbreak: A Closer Look,2020-03-06T02:00:24Z,3422445,43621,4285,6800,562,Late Night with Seth Meyers,4180000,US,https://www.youtube.com/watch?v=JiqFnKXf3do
11,2020-03-01-2020-03-08,UCTrQ7HXWRRxr7OsOtodr2_w,dcJDpV-igjs,Coronavirus expert: &#39;War is an appropriate analogy&#39;,2020-03-06T17:57:35Z,2693174,29274,2086,8425,1193,Channel 4 News,1670000,GB,https://www.youtube.com/watch?v=dcJDpV-igjs
12,2020-03-01-2020-03-08,UCGXbLrVe8vnkiFv7q2vYv3w,US2eN3xbu_I,Esto es lo que va a pasar con el coronavirus segun los expertos,2020-03-02T17:34:34Z,2539371,16156,1652,2708,132,El Mundo,456000,ES,https://www.youtube.com/watch?v=US2eN3xbu_I
13,2020-03-01-2020-03-08,UC0InVdvqNyNzKBl1-TL348A,BDlE4aUT9tw,Coronavirus Symptoms &amp; Myths | Dr. Rajib Paul Apollo Hospitals,2020-03-02T04:25:40Z,2370451,20411,1676,0,224,Apollo Hospitals,186000,IN,https://www.youtube.com/watch?v=BDlE4aUT9tw
14,2020-03-01-2020-03-08,UC1a4RqaEpMsHja5dSlUE1mg,1PLdl6NDGDE,COVID-19 Update 3: Symptoms of COVID-19 [New Version in Description],2020-03-05T14:14:36Z,2097035,9384,848,2586,157,Medmastery,105000,AT,https://www.youtube.com/watch?v=1PLdl6NDGDE
15,2020-03-01-2020-03-08,UCpzdzxPD8acq8ssStKvDNtw,PkUlCIFE45M,Coronavirus Outbreak | How to protect yourself | Kids Learning Cartoon | Dr. Panda TotoTime,2020-03-07T22:30:11Z,2085934,10488,1758,0,374,Dr. Panda TotoTime – Official Channel,245000,US,https://www.youtube.com/watch?v=PkUlCIFE45M
16,2020-03-01-2020-03-08,UCC552Sd-3nyi_tk2BudLUzA,oqtfqVsFaqc,What Happens When There Is A Pandemic? | CORONAVIRUS,2020-03-04T09:21:54Z,1878874,62259,1351,4038,432,AsapSCIENCE,9670000,Unknown,https://www.youtube.com/watch?v=oqtfqVsFaqc
17,2020-03-01-2020-03-08,UCY2hu_NT5NDbBU-HGxgqMuA,2tTQLj-S7j4,La radical cuarentena con la que China esta derrotando al coronavirus Covid-19,2020-03-07T00:00:11Z,1645473,14655,1006,1949,386,El Confidencial,271000,ES,https://www.youtube.com/watch?v=2tTQLj-S7j4
18,2020-03-01-2020-03-08,UCOmrniWfKi-uCD6Oh6fqhgw,sWjYs7aILZ8,CORONAVIRUS PANDEMIC EXPLAINED - CORONA OUTBREAK 2020,2020-03-05T17:34:37Z,1609527,18846,1258,2112,607,MEDSimplified,606000,IN,https://www.youtube.com/watch?v=sWjYs7aILZ8
19,2020-03-01-2020-03-08,UCdH_8mNJ9vzpHwMNwlz88Zw,O1YZ7XZSPvE,Coronavirus | Zondag met Lubach (S11),2020-03-01T20:42:37Z,1605562,31891,951,1335,861,vpro zondag met lubach,739000,NL,https://www.youtube.com/watch?v=O1YZ7XZSPvE
20,2020-03-01-2020-03-08,UCuS96jkLKpTaGB_OWnwZV_A,8v3hKO6Jm2w,"Neil Degrasse Tyson Explains Coronavirus, Debunks Human Brain Theory + Season 3 of The Cosmos",2020-03-06T19:24:52Z,1549710,24432,1558,4138,1418,SWAY'S UNIVERSE,2360000,US,https://www.youtube.com/watch?v=8v3hKO6Jm2w
21,2020-03-01-2020-03-08,UCeohrwR6-fO1EMk8FkJrlzw,Pnk8DuAly9Y,Johns Hopkins Experts Brief Capitol Hill on Coronavirus (COVID-19),2020-03-06T20:42:07Z,1503138,5944,956,0,5640,Johns Hopkins University,38400,Unknown,https://www.youtube.com/watch?v=Pnk8DuAly9Y
22,2020-03-01-2020-03-08,UCLLibJTCy3sXjHLVaDimnpQ,ODLQcQ_r1r0,Coronavirus: Tagebuch in Quarantane | Doku | ARTE,2020-03-03T17:00:05Z,1172623,9657,805,2572,2163,ARTEde,1070000,DE,https://www.youtube.com/watch?v=ODLQcQ_r1r0
23,2020-03-01-2020-03-08,UCPEAYzwc7QJg4DL5x6U3AEQ,seA1wbXUQTs,Coronavirus | How to wash your hands,2020-03-05T17:27:15Z,1171432,5903,417,736,37,Babylon Health,16100,GB,https://www.youtube.com/watch?v=seA1wbXUQTs
24,2020-03-01-2020-03-08,UC5TOFhyb_LxL2VG_Zenhpzw,iioE6fJbzjE,`aahaartaan COVID-19 :   ruusuuorkh (5 mii.kh. 63),2020-03-05T10:53:03Z,1164778,13301,622,606,453,Thai PBS,4890000,TH,https://www.youtube.com/watch?v=iioE6fJbzjE
25,2020-03-01-2020-03-08,UC8TUf5dZuaTkp4wHemH-KZA,6XMroU6v12U,?Cuales son los sintomas del coronavirus?,2020-03-05T16:04:28Z,1082798,5135,968,748,50,SOS Telemedicina - Universidad Central de Venezuela,57900,Unknown,https://www.youtube.com/watch?v=6XMroU6v12U
26,2020-03-01-2020-03-08,UCVTx7AHcRM8auQ68PLDwrjA,vlzxSleRnmg,Coronavirus Covid-19: Claves para entender la enfermedad y protegerse - Clinica Alemana,2020-03-06T18:57:11Z,959088,N/A,N/A,N/A,154,Clínica Alemana,103000,CL,https://www.youtube.com/watch?v=vlzxSleRnmg
27,2020-03-01-2020-03-08,UC4tpRMfc-lvDs9_O0xIC7vA,EDrgwptq6ug,What is Coronavirus (in Hindi) | How to save yourself from it | Coronavirus in Bangalore,2020-03-03T11:50:00Z,924347,N/A,N/A,300,270,TGF - The Guiding Factor,155000,IN,https://www.youtube.com/watch?v=EDrgwptq6ug
28,2020-03-01-2020-03-08,UC55-mxUj5Nj3niXFReG44OQ,Ww7wQBE5j60,Coronavirus en Latinoamerica y Espana | Que acciones tomar,2020-03-07T01:11:12Z,864369,17918,1840,2035,1568,Platzi,1200000,MX,https://www.youtube.com/watch?v=Ww7wQBE5j60
29,2020-03-01-2020-03-08,UCoFX8yfaEwXNEu3HgLdfomQ,kKz_vNGsNhc,COVID-19: Donning of Personal Protective Equipment (PPE),2020-03-02T18:49:53Z,703600,1675,98,152,465,Public Health England,11500,Unknown,https://www.youtube.com/watch?v=kKz_vNGsNhc
