,codingWeek,channelId,videoId,title,publishedAt,viewCount,likeCount,dislikeCount,commentCount,duration,channelTitle,subscriberCount,country,videoURL
0,2020-04-26-2020-05-03,UCIvaYmXn910QMdemBG3v1pQ,fWvGa56zC6k,DNA: is taariikh ko milegaa koronaa se chuttkaaraa? | Sudhir Chaudhary | Analysis | Coronavirus End Date,2020-04-28T18:28:18Z,14633428,91354,16879,4384,388,Zee News,18700000,IN,https://www.youtube.com/watch?v=fWvGa56zC6k
1,2020-04-26-2020-05-03,UCG45hMChrxiQjuFc3CiF87A,TdIsTLg7RQM,What Is PCR Testing for COVID-19?,2020-04-29T12:25:59Z,2278503,4746,985,N/A,116,AACC,7260,US,https://www.youtube.com/watch?v=TdIsTLg7RQM
2,2020-04-26-2020-05-03,UCETZ7r1_8C1DNFDO-7UXwqw,HHKXYWZYH5E,Alicia Keys - Empire State of Mind (Part II) Broken Down (BET COVID-19 Relief Effort),2020-04-30T21:40:03Z,1895374,56313,550,1822,399,aliciakeysVEVO,2420000,Unknown,https://www.youtube.com/watch?v=HHKXYWZYH5E
3,2020-04-26-2020-05-03,UC1FZF46zaC26_CynNc786_g,-3YFzdUk5SA,"Coronavirus: Los 5 paises que corren mas riesgo de sufrir una &quot;hambruna biblica&quot;, segun la ONU",2020-05-01T01:36:11Z,1024312,7749,789,1370,192,Diario Gestión,122000,PE,https://www.youtube.com/watch?v=-3YFzdUk5SA
4,2020-04-26-2020-05-03,UCG5TBPANNSiKf1Dp-R5Dibg,fX8uyZZ-WiE,Corona Virus Disease / COVID-19: Sahi aur Galath coronavirus disease ke baare me ( HINDI ) - PART 2,2020-04-28T07:00:30Z,1004832,10063,1252,360,1533,Dr.G Bhanu Prakash Animated Medical Videos,458000,IN,https://www.youtube.com/watch?v=fX8uyZZ-WiE
5,2020-04-26-2020-05-03,UC90RW5ZmBBqp4r2QIQxfACA,Vlh7W9xgIIM,6 New Symptoms Of Coronavirus Found By US Health Body,2020-04-28T05:54:26Z,971590,6738,630,127,720,Kanak News,4540000,IN,https://www.youtube.com/watch?v=Vlh7W9xgIIM
6,2020-04-26-2020-05-03,UCYPvAwZP8pZhSMW8qs7cVCw,_Yl9a_vXFWM,6 New Symptoms Of Coronavirus Have Been Found | NewsMo,2020-04-29T06:15:08Z,752350,3793,290,173,252,India Today,4770000,IN,https://www.youtube.com/watch?v=_Yl9a_vXFWM
7,2020-04-26-2020-05-03,UCthbIFAxbXTTQEC7EcQvP1Q,VoeMGkV3Tmc,Coronavirus: a &#39;pneumonia silenciosa&#39; que dificulta diagnostico de casos graves de covid-19,2020-05-01T16:15:04Z,749338,34571,513,2123,514,BBC News Brasil,2130000,BR,https://www.youtube.com/watch?v=VoeMGkV3Tmc
8,2020-04-26-2020-05-03,UCG-iSMVtWbbwDDXgXXypARQ,LWsgbgz5euc,COVID-19 Clinical Updates &amp; Lessons Learned So Far with Dr. Roger Seheult - Live Webcast Replay,2020-05-01T08:41:26Z,691317,6583,350,719,5598,MedCram - Medical Lectures Explained CLEARLY,1100000,US,https://www.youtube.com/watch?v=LWsgbgz5euc
9,2020-04-26-2020-05-03,UCMSsLqxqvZsNXi0Z-VjN89A,kyILuYZ15jc,Do You Need A Pulse Oximeter for COVID 19? (Lung Doctor Explains),2020-04-28T13:45:00Z,608589,9024,259,812,627,Doctor Mike Hansen,668000,US,https://www.youtube.com/watch?v=kyILuYZ15jc
10,2020-04-26-2020-05-03,UC0L1suV8pVgO4pCAIBNGx5w,2WvzHvN6mCM,Did the World Health Organisation fail to act on China&#39;s COVID-19 cover-up? | 60 Minutes Australia,2020-04-27T01:49:53Z,470801,5520,1683,N/A,656,60 Minutes Australia,3240000,AU,https://www.youtube.com/watch?v=2WvzHvN6mCM
11,2020-04-26-2020-05-03,UCiMg06DjcUk5FRiM3g5sqoQ,YYTATw9yav4,CDC COVID-19 Prevention Messages for Front Line Long-Term Care Staff: PPE Lessons,2020-04-27T17:50:38Z,444026,984,133,0,722,Centers for Disease Control and Prevention (CDC),528000,US,https://www.youtube.com/watch?v=YYTATw9yav4
12,2020-04-26-2020-05-03,UCESTwDXpoMgiYBHipMdKTkQ,hECevTKmwRk,"Dr Montagnier - &quot;Par accident, un chercheur aurait pu faire sortir le Covid-19 de ce labo !&quot;",2020-04-30T12:30:58Z,382434,6881,401,1572,3216,Sud Radio,348000,FR,https://www.youtube.com/watch?v=hECevTKmwRk
13,2020-04-26-2020-05-03,UCG-iSMVtWbbwDDXgXXypARQ,22Bn8jsGI54,Coronavirus Pandemic Update 61: Blood Clots &amp; Strokes in COVID-19; ACE-2 Receptor; Oxidative Stress,2020-04-27T17:32:02Z,352592,16782,173,1695,1021,MedCram - Medical Lectures Explained CLEARLY,1100000,US,https://www.youtube.com/watch?v=22Bn8jsGI54
14,2020-04-26-2020-05-03,UCnBkqftMxYPr0ib_9cUA5xw,pptyJgq4zkM,REAL FRIENDS BEFORE COVID - A Chris Mann Parody (Garth Brooks Comedy for Americares #ItsNoJoke),2020-05-02T00:44:50Z,348920,12738,156,731,218,Chris Mann,222000,US,https://www.youtube.com/watch?v=pptyJgq4zkM
15,2020-04-26-2020-05-03,UCMSsLqxqvZsNXi0Z-VjN89A,qoJ4VDaGSfY,Are BLOOD CLOTS the reason why COVID 19 patients are dying? | Blood thinners to save lives?,2020-04-29T15:15:03Z,320580,9015,178,1222,1045,Doctor Mike Hansen,668000,US,https://www.youtube.com/watch?v=qoJ4VDaGSfY
16,2020-04-26-2020-05-03,UCsyPEi8BS07G8ZPXmpzIZrg,ykZJ-jcE-Do,"Video on Covid-19 awareness for community level workers, Hindi Language",2020-04-29T10:31:54Z,289006,3053,289,105,230,Ministry of Health & Family Welfare,366000,Unknown,https://www.youtube.com/watch?v=ykZJ-jcE-Do
17,2020-04-26-2020-05-03,UCG-iSMVtWbbwDDXgXXypARQ,Aj2vB_VITXQ,Coronavirus Pandemic Update 63: Is COVID-19 a Disease of the Endothelium (Blood Vessels and Clots)?,2020-04-29T19:43:01Z,276047,8358,146,1495,1588,MedCram - Medical Lectures Explained CLEARLY,1100000,US,https://www.youtube.com/watch?v=Aj2vB_VITXQ
18,2020-04-26-2020-05-03,UCs1_F_FhSLJ_z9UJycxK3UQ,uT3r8-YZu_o,Vitamina D y COVID-19 - Dra. Diana Vanessa Suarez,2020-04-30T23:19:31Z,275145,4348,265,253,3236,Teleducacion Facultad de Medicina Universidad de Antioquia,49200,CO,https://www.youtube.com/watch?v=uT3r8-YZu_o
19,2020-04-26-2020-05-03,UCiMg06DjcUk5FRiM3g5sqoQ,1ZbT1Njv6xA,CDC COVID-19 Prevention Messages for Front Line LTC Staff: Closely Monitor Residents for COVID-19,2020-04-27T17:51:51Z,267047,305,45,0,436,Centers for Disease Control and Prevention (CDC),528000,US,https://www.youtube.com/watch?v=1ZbT1Njv6xA
20,2020-04-26-2020-05-03,UCiMg06DjcUk5FRiM3g5sqoQ,7srwrF9MGdw,CDC COVID-19 Prevention Messages for Front Line Long-Term Care Staff: Keep COVID-19 Out!,2020-04-27T17:51:09Z,263640,515,69,0,365,Centers for Disease Control and Prevention (CDC),528000,US,https://www.youtube.com/watch?v=7srwrF9MGdw
21,2020-04-26-2020-05-03,UC4DWlQ2QsrC5YpRwc1m6QQQ,y1eY6zxgJLA,Protocolos de Bioseguridad Covid-19,2020-05-01T22:57:15Z,240315,2139,157,226,234,Infinity Clínica Dental,5150,PE,https://www.youtube.com/watch?v=y1eY6zxgJLA
22,2020-04-26-2020-05-03,UCiMg06DjcUk5FRiM3g5sqoQ,xmYMUly7qiE,CDC COVID-19 Prevention Messages for Front Line Long-Term Care Staff: Clean Hands - Combat COVID-19,2020-04-27T17:57:17Z,232310,392,56,0,445,Centers for Disease Control and Prevention (CDC),528000,US,https://www.youtube.com/watch?v=xmYMUly7qiE
23,2020-04-26-2020-05-03,UCYPvAwZP8pZhSMW8qs7cVCw,GdEZRS7dpro,"Coronavirus in Tamil Nadu: Total Lockdown In Chennai, Coimbatore &amp; 3 More Cities",2020-04-26T05:22:27Z,218472,796,79,33,308,India Today,4770000,IN,https://www.youtube.com/watch?v=GdEZRS7dpro
24,2020-04-26-2020-05-03,UC_Lnb8ZHqqgLbp-7hltuT9w,WLTV2groOxY,How COVID-19 Testing Is Done In Singapore,2020-05-01T10:39:32Z,204879,1494,88,134,430,CNA Insider,811000,SG,https://www.youtube.com/watch?v=WLTV2groOxY
25,2020-04-26-2020-05-03,UCiMg06DjcUk5FRiM3g5sqoQ,t7OH8ORr5Ig,LTC Mini Webinar: Sparkling Surfaces: Stop COVID-19's Spread,2020-04-28T17:56:01Z,199265,368,50,0,430,Centers for Disease Control and Prevention (CDC),528000,US,https://www.youtube.com/watch?v=t7OH8ORr5Ig
26,2020-04-26-2020-05-03,UCNovJemYKcdKt7PDdptJZfQ,VFDB2JqN92E,Jancovici : Penser L&#39;apres Covid-19 - 19/04/2020,2020-05-01T16:17:34Z,179229,3321,119,871,4976,Jean-Marc Jancovici,134000,Unknown,https://www.youtube.com/watch?v=VFDB2JqN92E
27,2020-04-26-2020-05-03,UC_giJ3xlEL9jUF1YfJdzzuQ,iGkwaESsGBQ,What is an EUA?,2020-04-28T13:47:28Z,179117,N/A,N/A,N/A,106,U.S. Food and Drug Administration,78000,US,https://www.youtube.com/watch?v=iGkwaESsGBQ
28,2020-04-26-2020-05-03,UC8wZzNSXUHzv3QijdOzeELA,Vd38iS_W7ww,Using Reverse Transcription Polymerase Chain Reaction (RT-PCR) in COVID-19 Testing,2020-04-28T20:39:16Z,174601,1402,70,264,225,DNA Learning Center,51300,US,https://www.youtube.com/watch?v=Vd38iS_W7ww
29,2020-04-26-2020-05-03,UCG-iSMVtWbbwDDXgXXypARQ,gzx8LH4Fjic,Coronavirus Pandemic Update 65: COVID-19 and Oxidative Stress (Prevention &amp; Risk Factors),2020-05-01T19:57:54Z,168355,4792,74,932,1197,MedCram - Medical Lectures Explained CLEARLY,1100000,US,https://www.youtube.com/watch?v=gzx8LH4Fjic
