,codingWeek,channelId,videoId,title,publishedAt,viewCount,likeCount,dislikeCount,commentCount,duration,channelTitle,subscriberCount,country,videoURL
0,2020-03-15-2020-03-22,UCsXVk37bltHxD1rDPwtNM8Q,BtN-goy9VOY,The Coronavirus Explained &amp; What You Should Do,2020-03-19T15:37:18Z,30336349,969203,14649,62395,515,Kurzgesagt – In a Nutshell,15000000,DE,https://www.youtube.com/watch?v=BtN-goy9VOY
1,2020-03-15-2020-03-22,UCuB112ZHY1iygcDEHRg6P5Q,QjlQRTKuZxE,"Coronavirus: Stay Safe, Don&#39;t Panic | So Sorry",2020-03-21T14:18:26Z,19256494,143993,15075,2401,113,SoSorry,4800000,IN,https://www.youtube.com/watch?v=QjlQRTKuZxE
2,2020-03-15-2020-03-22,UC3XTzVzaHQEd30rQbuvCtTQ,_066dEkycr4,Coronavirus II: Last Week Tonight with John Oliver (HBO),2020-03-16T06:30:02Z,12282740,358314,9827,36397,1331,LastWeekTonight,8710000,Unknown,https://www.youtube.com/watch?v=_066dEkycr4
3,2020-03-15-2020-03-22,UC6QYFutt9cluQ3uSM963_KQ,PWzbArPgo-o,"COVID-19 | Coronavirus: Epidemiology, Pathophysiology, Diagnostics",2020-03-16T20:00:33Z,5412433,90687,3065,8546,3039,Ninja Nerd Lectures,1070000,US,https://www.youtube.com/watch?v=PWzbArPgo-o
4,2020-03-15-2020-03-22,UCGvS3YyMCBiLuKfeSoBQj1A,aWKO_IUdn6M,phngssiththi khamphiir - wanaihm (suu COVID-19)[(Official MV)] ,2020-03-20T13:50:26Z,4981054,78594,1442,2346,197,Pu Pongsit Official,3510000,TH,https://www.youtube.com/watch?v=aWKO_IUdn6M
5,2020-03-15-2020-03-22,UCW39zufHfsuGgpLviKh297Q,3K3fy5eKeuM,Coronavirus in China | DW Documentary,2020-03-17T19:00:01Z,4910111,24620,3782,4687,1709,DW Documentary,3030000,DE,https://www.youtube.com/watch?v=3K3fy5eKeuM
6,2020-03-15-2020-03-22,UCiOrOk3NQGW2GafvjLJknMA,LVBc7-Te_yA,"&#39;Vaccines won&#39;t work&#39;: US virologist breaks down COVID-19, how to curb spread",2020-03-18T13:41:26Z,4686259,52969,3827,13231,965,THE KOREA TIMES 코리아타임스,88400,KR,https://www.youtube.com/watch?v=LVBc7-Te_yA
7,2020-03-15-2020-03-22,UCx7HhFsmIlxx9fXnMpnERbQ,swD9CfSBgDY,El doctor Antoni Trilla aclara algunas dudas sobre el coronavirus,2020-03-20T17:30:33Z,3319321,27323,3542,948,2126,BBVA,52800,ES,https://www.youtube.com/watch?v=swD9CfSBgDY
8,2020-03-15-2020-03-22,UCm7lHFkt2yB_WzL67aruVBQ,8aD9-Y4EHhc,Coronavirus | PM Modi proposes &#39;janta curfew&#39;: Watch full speech,2020-03-19T16:13:15Z,3268706,27352,5216,2480,1739,Hindustan Times,3200000,IN,https://www.youtube.com/watch?v=8aD9-Y4EHhc
9,2020-03-15-2020-03-22,UCw3SYO_euO0TSPC_m_0Pzgw,ddlRvqhGdPk,"The Science Behind the Coronavirus, Series I",2020-03-18T18:48:02Z,2550371,23304,1525,1723,1995,Los Angeles Times,458000,US,https://www.youtube.com/watch?v=ddlRvqhGdPk
10,2020-03-15-2020-03-22,UCGkVdu_EVrqqxQ7OnLFK8RQ,XnIo0uRgKSQ,EL JUEGO DEL CORONAVIRUS PARA NINOS  | Videos Educativos para Ninos,2020-03-18T13:30:09Z,2447673,15669,2393,0,124,Happy Learning Español,1730000,ES,https://www.youtube.com/watch?v=XnIo0uRgKSQ
11,2020-03-15-2020-03-22,UC_gUM8rL-Lrg6O3adPW9K1g,sEJ3VOA76qQ,Gravitas: How China &#39;exported&#39; the virus | Wuhan coronavirus,2020-03-19T18:30:40Z,2408234,49694,3429,9152,332,WION,2740000,IN,https://www.youtube.com/watch?v=sEJ3VOA76qQ
12,2020-03-15-2020-03-22,UCaZK0kfr_sKxmLNoP2g9OWw,yckQnJp9fp8,Coronavirus Talk koronauirusuDui Tan : YOSHIKI &amp; (Nobel Laureate Physiology/MedicinenoberuSheng Li Xue Yi Xue Shang )Shinya Yamanaka,2020-03-19T01:39:47Z,2400857,18505,1696,1275,3010,Yoshiki,366000,US,https://www.youtube.com/watch?v=yckQnJp9fp8
13,2020-03-15-2020-03-22,UCDrQaGaHpOav5y7m1SCSJRg,rAj38E7vrS8,Global COVID-19 Prevention,2020-03-21T23:26:23Z,1645756,N/A,N/A,0,150,Stanford Medicine,72100,US,https://www.youtube.com/watch?v=rAj38E7vrS8
14,2020-03-15-2020-03-22,UCNI0qOojpkhsUtaQ4_2NUhQ,JKpVMivbTfg,"COVID-19 (Coronavirus Disease 19) March Update- causes, symptoms, diagnosis, treatment, pathology",2020-03-15T19:46:42Z,1615272,26603,742,1601,803,Osmosis,1990000,US,https://www.youtube.com/watch?v=JKpVMivbTfg
15,2020-03-15-2020-03-22,UCFaPzuoXcACu7jplePDfXmA,n4J8kydOvbc,Coronavirus : diagnostiquons et traitons ! Premiers resultats pour la chloroquine,2020-03-16T17:44:37Z,1503798,N/A,N/A,N/A,1106,IHU Méditerranée-Infection,423000,FR,https://www.youtube.com/watch?v=n4J8kydOvbc
16,2020-03-15-2020-03-22,UC07-dOwgza1IguKA86jqxNA,6BOKgSCPD4E,Live from WHO Headquarters - COVID-19 daily press briefing 20 March 2020,2020-03-20T18:42:08Z,1267732,3863,434,653,3125,World Health Organization (WHO),699000,Unknown,https://www.youtube.com/watch?v=6BOKgSCPD4E
17,2020-03-15-2020-03-22,UCmdRz1dx9emtqLr4wBkq6Nw,hwVl_-lnoys,Coronavirus - COVID-19,2020-03-18T14:31:14Z,1160068,4384,574,393,73,Elara Systems,30600,US,https://www.youtube.com/watch?v=hwVl_-lnoys
18,2020-03-15-2020-03-22,UC6QYFutt9cluQ3uSM963_KQ,rdoN_XsHWBI,"COVID-19 | Coronavirus: Treatment, Prognosis, Precautions",2020-03-18T14:48:33Z,1105645,29797,437,2105,2160,Ninja Nerd Lectures,1070000,US,https://www.youtube.com/watch?v=rdoN_XsHWBI
19,2020-03-15-2020-03-22,UCFJLzd1pDjTJgPPHCpDfAwA,v-8oKw8sEo0,Neues Coronavirus - Isolation,2020-03-20T17:14:37Z,1059911,N/A,N/A,N/A,122,BAG OFSP UFSP,8340,CH,https://www.youtube.com/watch?v=v-8oKw8sEo0
20,2020-03-15-2020-03-22,UCXdXYG8dUmEv6jhEji_lSHg,riYB5xFRHgg,Epicentro - 24h em Wuhan | Documentario,2020-03-16T21:19:20Z,1056695,14221,454,1309,2982,Jornalismo TV Cultura,677000,BR,https://www.youtube.com/watch?v=riYB5xFRHgg
21,2020-03-15-2020-03-22,UCvJJ_dzjViJCoLf5uKUTwoA,DW4B7s2ZdBg,How Coronavirus Could Slow Down Amazon Deliveries,2020-03-21T16:11:01Z,984087,10333,564,2391,987,CNBC,2300000,Unknown,https://www.youtube.com/watch?v=DW4B7s2ZdBg
22,2020-03-15-2020-03-22,UC1a4RqaEpMsHja5dSlUE1mg,BIymfznD7YA,COVID-19 Update 8: Zinc and chloroquine for the treatment of COVID-19?,2020-03-17T17:57:58Z,934023,12321,437,2332,543,Medmastery,105000,AT,https://www.youtube.com/watch?v=BIymfznD7YA
23,2020-03-15-2020-03-22,UCm5wThREh298TkK8hCT9HuA,FCQA3T2S9XQ,Coronavirus : confinements solidaires,2020-03-17T08:00:05Z,863175,36787,529,1745,202,Data Gueule,576000,Unknown,https://www.youtube.com/watch?v=FCQA3T2S9XQ
24,2020-03-15-2020-03-22,UC8TUf5dZuaTkp4wHemH-KZA,L77aeJw78g0,Nuevo Coronavirus SARS-CoV-2 Origen y biologia - Dra. Flor Pujol,2020-03-16T01:32:47Z,746905,10052,542,963,1103,SOS Telemedicina - Universidad Central de Venezuela,57900,Unknown,https://www.youtube.com/watch?v=L77aeJw78g0
25,2020-03-15-2020-03-22,UCPsHraybgqSCHorAcg7Y8Tg,84CydmuHXD8,Personal Protective Equipment for COVID-19 Care,2020-03-21T22:44:12Z,743857,3810,592,N/A,230,Rush University System for Health,11200,US,https://www.youtube.com/watch?v=84CydmuHXD8
26,2020-03-15-2020-03-22,UCG-iSMVtWbbwDDXgXXypARQ,1vZDVbqRhyM,Coronavirus Pandemic Update 37: The ACE-2 Receptor - The Doorway to COVID-19 (ACE Inhibitors &amp; ARBs),2020-03-16T16:27:55Z,732688,12331,244,1649,1093,MedCram - Medical Lectures Explained CLEARLY,1100000,US,https://www.youtube.com/watch?v=1vZDVbqRhyM
27,2020-03-15-2020-03-22,UCsD-Qms-AkXDrsU962OicLw,EBByYjjvNzs,The Italians Making Music on Balconies Under Coronavirus Quarantine | The New Yorker,2020-03-20T16:00:03Z,677026,12366,176,1020,405,The New Yorker,624000,Unknown,https://www.youtube.com/watch?v=EBByYjjvNzs
28,2020-03-15-2020-03-22,UC_AK324Za3GR5O55EhKGSMA,M_S9VFLoL8U,"COVID-19: Johns Hopkins University Experts Discuss Pandemic Response, Social Distancing, and More",2020-03-17T20:50:19Z,613314,3791,437,219,1883,Johns Hopkins Bloomberg School of Public Health,22000,US,https://www.youtube.com/watch?v=M_S9VFLoL8U
29,2020-03-15-2020-03-22,UCesNt4_Z-Pm41RzpAClfVcg,jWMUBouaqb0,**COVID-19**  a visual summary of the new coronavirus pandemic,2020-03-15T11:03:34Z,558386,10354,227,546,710,Armando Hasudungan,1830000,AU,https://www.youtube.com/watch?v=jWMUBouaqb0
