,codingWeek,channelId,videoId,title,publishedAt,viewCount,likeCount,dislikeCount,commentCount,duration,channelTitle,subscriberCount,country,videoURL
0,2020-08-16-2020-08-23,UCq0OueAsdxH6b8nyAspwViw,sE59kPlblPI,"""Love On Top (from the cast of Pitch Perfect)"" - Official Music Video Benefiting UNICEF",2020-08-17T17:00:28Z,15410802,792613,3422,18090,276,Universal Pictures,4880000,Unknown,https://www.youtube.com/watch?v=sE59kPlblPI
1,2020-08-16-2020-08-23,UCUBIrDsIVzRpKsClMlSlTpQ,sVc_VPSn_FI,El punto debil del coronavirus que encontro una fisica mexicana y como puede servir para bloquearlo,2020-08-22T14:30:02Z,5020329,124532,7932,4398,251,BBC News Mundo,2250000,GB,https://www.youtube.com/watch?v=sVc_VPSn_FI
2,2020-08-16-2020-08-23,UCpPndhUatYo4NLn3fleQ2Fw,vN2eQ_CKZT8,Wzial rosyjska szczepionke przeciwko Covid-19,2020-08-17T06:27:43Z,2420496,41675,2240,1253,58,HRejterzy,186000,PL,https://www.youtube.com/watch?v=vN2eQ_CKZT8
3,2020-08-16-2020-08-23,UC0p5jTq6Xx_DosDFxVXnWaQ,fwjt9EoWhcg,Covid-19: Bill Gates predicts the end of the pandemic | The Economist,2020-08-19T12:10:32Z,1588591,14051,7894,8830,503,The Economist,1930000,GB,https://www.youtube.com/watch?v=fwjt9EoWhcg
4,2020-08-16-2020-08-23,UC5T7D-Dh1eDGtsAFCuwv_Sw,S6eRqkXQ_5s,Breakthrough treatment: Could pineapples be the key to a COVID-19 cure? | 7NEWS,2020-08-18T04:46:25Z,1023215,10909,430,1454,210,7NEWS Australia,483000,AU,https://www.youtube.com/watch?v=S6eRqkXQ_5s
5,2020-08-16-2020-08-23,UCqVHGwQCmmGa2hjS7ydN4sQ,Wrj98nEG9Zo,?COMO CALCULAR EL FINAL DE LA ENFERMED COVID 19? ,2020-08-16T01:00:10Z,947099,19990,982,1306,872,Dr. Luis Antonio Pacora Camargo,497000,PE,https://www.youtube.com/watch?v=Wrj98nEG9Zo
6,2020-08-16-2020-08-23,UCqVHGwQCmmGa2hjS7ydN4sQ,Q7uZcod0eqM,NEUMONIA TARDIA EN COVID 19 [?][?] CUIDADO [?] NO DEBEMOS BAJAR LA GUARDIA ,2020-08-21T01:00:09Z,889250,21086,826,1855,884,Dr. Luis Antonio Pacora Camargo,497000,PE,https://www.youtube.com/watch?v=Q7uZcod0eqM
7,2020-08-16-2020-08-23,UCknLrEdhRCp1aegoMqRaCZg,-PmD7ajep54,New findings warn of higher risk in airborne coronavirus transmissions | COVID-19 Special,2020-08-21T15:17:23Z,612195,6715,540,1562,720,DW News,2480000,DE,https://www.youtube.com/watch?v=-PmD7ajep54
8,2020-08-16-2020-08-23,UC0L1suV8pVgO4pCAIBNGx5w,AvjmM-n2rik,Inside the COVID-19 red zone: cameras on the frontlines against coronavirus | 60 Minutes Australia,2020-08-16T11:51:11Z,564035,6061,705,N/A,1580,60 Minutes Australia,3240000,AU,https://www.youtube.com/watch?v=AvjmM-n2rik
9,2020-08-16-2020-08-23,UCMPIMCKpq5TRd92Jwj2D7_Q,KL-HpGNsNcg,Coronavirus : le test PCR fait il mal ?,2020-08-17T17:53:17Z,415709,2422,265,N/A,113,France 3 Bourgogne-Franche-Comté,107000,Unknown,https://www.youtube.com/watch?v=KL-HpGNsNcg
10,2020-08-16-2020-08-23,UCK7tptUDHh-RYDsdxO1-5QQ,8C2jAuSl1Ak,The Future of Cities After Covid-19 | WSJ,2020-08-20T16:00:04Z,345732,6621,650,586,502,Wall Street Journal,2980000,US,https://www.youtube.com/watch?v=8C2jAuSl1Ak
11,2020-08-16-2020-08-23,UCixMqPbpL6dCQqHxDbgoUfQ,0k7wEwtWAns,Qu&#39;est-ce que la COVID-19?,2020-08-17T15:11:13Z,220441,N/A,N/A,N/A,135,Ministère de la Santé et des Services sociaux,3770,CA,https://www.youtube.com/watch?v=0k7wEwtWAns
12,2020-08-16-2020-08-23,UCyz6-taovlaOkPsPtK4KNEg,xJtoiDhNh0I,COVID-19: Where We Go From Here,2020-08-18T15:25:43Z,215227,N/A,N/A,N/A,1783,Goldman Sachs,168000,US,https://www.youtube.com/watch?v=xJtoiDhNh0I
13,2020-08-16-2020-08-23,UCV5vCi3jPJdURZwAOO_FNfQ,s_usIkrVQwE,How Does COVID-19 Testing Actually Work?,2020-08-21T15:43:33Z,198196,11523,736,968,2557,The Thought Emporium,775000,Unknown,https://www.youtube.com/watch?v=s_usIkrVQwE
14,2020-08-16-2020-08-23,UC-SJ6nODDmufqBzPBwCvYvQ,qDFJXdu0w2k,An inside look at Pfizer&#39;s Phase 3 COVID-19 vaccine trial,2020-08-21T12:54:21Z,175580,1240,305,831,296,CBS This Morning,2020000,Unknown,https://www.youtube.com/watch?v=qDFJXdu0w2k
15,2020-08-16-2020-08-23,UCUBIrDsIVzRpKsClMlSlTpQ,Ujpo0T9Cz-0,"Como las mascarillas no solo evitan la propagacion de covid-19, sino que pueden reducir los sintomas",2020-08-17T12:36:47Z,166859,8184,262,670,309,BBC News Mundo,2250000,GB,https://www.youtube.com/watch?v=Ujpo0T9Cz-0
16,2020-08-16-2020-08-23,UCxcrzzhQDj5zKJbXfIscCtg,qpkzy10KAVs,Australia&#39;s second coronavirus wave: what went wrong in Victoria | Four Corners,2020-08-17T11:15:03Z,149463,1236,512,911,2723,ABC News In-depth,638000,AU,https://www.youtube.com/watch?v=qpkzy10KAVs
17,2020-08-16-2020-08-23,UCG-iSMVtWbbwDDXgXXypARQ,bQrooawwhLI,Coronavirus Pandemic Update 102: COVID 19 vs. Influenza Symptoms; Sweden; Tocilizumab; Hawaii,2020-08-18T20:07:20Z,116167,3269,61,587,1114,MedCram - Medical Lectures Explained CLEARLY,1100000,US,https://www.youtube.com/watch?v=bQrooawwhLI
18,2020-08-16-2020-08-23,UCG-iSMVtWbbwDDXgXXypARQ,pvmtT_XV4aw,Coronavirus Pandemic Update 103: Convalescent Plasma Treatment &amp; the FDA; College Campuses Close,2020-08-20T18:40:06Z,88695,3055,58,673,1278,MedCram - Medical Lectures Explained CLEARLY,1100000,US,https://www.youtube.com/watch?v=pvmtT_XV4aw
19,2020-08-16-2020-08-23,UCknLrEdhRCp1aegoMqRaCZg,cxY5UZQK8CI,The global impact of coronavirus on births and fertility rates | COVID-19 Special,2020-08-19T15:51:59Z,88763,1150,70,690,705,DW News,2480000,DE,https://www.youtube.com/watch?v=cxY5UZQK8CI
20,2020-08-16-2020-08-23,UCF9IOB2TExg3QIBupFtBDxg,eSVLeEtjP-4,COVID 19 and Children,2020-08-17T19:30:38Z,84831,3022,154,1464,1562,Dr. John Campbell,979000,GB,https://www.youtube.com/watch?v=eSVLeEtjP-4
21,2020-08-16-2020-08-23,UCiMg06DjcUk5FRiM3g5sqoQ,tCD7Z5oRvts,School Reopening with COVID-19: Promote Healthy Behaviors,2020-08-21T17:25:16Z,82168,325,63,52,78,Centers for Disease Control and Prevention (CDC),528000,US,https://www.youtube.com/watch?v=tCD7Z5oRvts
22,2020-08-16-2020-08-23,UCSwXe2WReWhNdjKRTh92b9g,3drk4Wj0mWc,COVID 19 -  VACUNA DE OXFORD - (ChAdOx1 N-CoV19)  ?Como Funciona ? ? Que es ?,2020-08-16T18:35:31Z,75565,2806,117,467,1288,Dr. Veller,582000,AR,https://www.youtube.com/watch?v=3drk4Wj0mWc
23,2020-08-16-2020-08-23,UCzyev_TJ-jgpqIBhsEn4QDg,tj9PzZ8BGv0,COVID-19De Gan Ran Zheng Zhuang  (Chinese),2020-08-17T13:51:50Z,61266,192,18,29,61,mnhealth,15500,US,https://www.youtube.com/watch?v=tj9PzZ8BGv0
24,2020-08-16-2020-08-23,UCiMg06DjcUk5FRiM3g5sqoQ,umE4Ab9nQ8M,School Reopening with COVID-19: Maintain a Healthy Environment,2020-08-21T17:07:17Z,46618,165,27,36,89,Centers for Disease Control and Prevention (CDC),528000,US,https://www.youtube.com/watch?v=umE4Ab9nQ8M
25,2020-08-16-2020-08-23,UCiMg06DjcUk5FRiM3g5sqoQ,jZuv1fi7Jsc,School Reopening with COVID-19: Maintain Healthy Operations,2020-08-21T17:12:48Z,29943,104,14,30,69,Centers for Disease Control and Prevention (CDC),528000,US,https://www.youtube.com/watch?v=jZuv1fi7Jsc
26,2020-08-16-2020-08-23,UCiMg06DjcUk5FRiM3g5sqoQ,wuFvWhJoYfw,CDC COVID-19 Partner Update: New Tools for Schools,2020-08-18T15:40:06Z,16239,77,19,15,3699,Centers for Disease Control and Prevention (CDC),528000,US,https://www.youtube.com/watch?v=wuFvWhJoYfw
27,2020-08-16-2020-08-23,UCo1zEN0d8lsrm1LV4n8eLVw,YoZ4Co4BSTU,REHABILITACION POST COVID-19,2020-08-21T15:25:12Z,15542,281,8,8,4106,Telesalud Minsa Telecapacitaciones,93200,PE,https://www.youtube.com/watch?v=YoZ4Co4BSTU
28,2020-08-16-2020-08-23,UC_ClYrAtDNAGy5J0N-AwBNw,OQi3_jI2AU4,"CDC Numbers Show COVID Death Rate Is 0.04%, Dr. Scott Atlas &amp; Israel Attacks Gaza 7 Night In A Row",2020-08-18T00:35:58Z,13668,1116,32,98,3148,The Last American Vagabond,102000,US,https://www.youtube.com/watch?v=OQi3_jI2AU4
29,2020-08-16-2020-08-23,UCiMg06DjcUk5FRiM3g5sqoQ,AdbV4PimWnM,School Reopening with COVID-19: Prepare for When Someone Gets Sick,2020-08-21T17:14:29Z,13142,59,12,14,54,Centers for Disease Control and Prevention (CDC),528000,US,https://www.youtube.com/watch?v=AdbV4PimWnM
